dialogue_id,intra_dialogue_id,target,question,answer,question_confidence,question_observed_consistency,question_self_reflection,answer_confidence,answer_observed_consistency,answer_self_reflection,question_time,answer_time
0,0,fox,Is your item a bird?,No.,0.71329,0.59041,1.0,0.93952,0.91361,1.0,24834,9067
0,1,fox,Is your item a mammal?,Yes.,0.62481,0.89259,0.0,0.44414,0.20592,1.0,11964,11636
0,2,fox,Is your item typically kept as a pet?,No.,0.34034,0.48619,0.0,0.99567,0.99381,1.0,16396,13833
0,3,fox,Is your item larger than a dog?,No.,0.26675,0.38107,0.0,0.64375,0.91964,0.0,13251,13491
0,4,fox,Is your item commonly found in forests or woodlands?,Yes.,0.3902,0.55743,0.0,0.54554,0.67221,0.25,19742,14383
0,5,fox,Is your item a fox?,Yes! That's correct.,0.7925,0.70357,1.0,0.99548,0.99355,1.0,15811,14245
1,0,fawn,Is the item you have assigned an animal?,Yes.,0.5076,0.29657,1.0,0.85338,0.79055,1.0,13685,11814
1,1,fawn,Can the animal you have assigned fly?,No.,0.42287,0.17553,1.0,0.54566,0.77952,0.0,13991,11340
1,2,fawn,Does the animal you have assigned have hooves?,Yes.,0.62421,0.46316,1.0,0.38825,0.12608,1.0,12608,11320
1,3,fawn,Is the animal you have assigned a deer?,Yes! That's correct.,0.78592,0.69418,1.0,0.32992,0.25703,0.5,14024,17254
2,0,zebra,Is your item a bird?,No.,0.5765,0.71643,0.25,0.88336,0.83338,1.0,12202,11902
2,1,zebra,Is your item a mammal?,Yes.,0.89284,0.95405,0.75,0.07297,0.10424,0.0,13567,10761
2,2,zebra,Is your item a marine mammal?,No.,0.29197,0.4171,0.0,0.99614,0.99449,1.0,14678,11624
2,3,zebra,Is your item a land mammal?,Yes.,0.90068,0.85812,1.0,0.77802,0.68288,1.0,14649,12974
2,4,zebra,Is your item a carnivore?,Yes.,0.52899,0.64856,0.25,0.50105,0.71579,0.0,13491,11851
2,5,zebra,Is your item a large carnivore?,Yes.,0.54883,0.56976,0.5,0.57417,0.82024,0.0,14228,17392
2,6,zebra,Is your item a bear?,No.,0.84274,0.77534,1.0,0.99562,0.99374,1.0,15567,16742
2,7,zebra,Is your item a walrus?,No.,0.57816,0.82594,0.0,0.79493,0.92133,0.5,16311,20860
2,8,zebra,Is your item an otter?,No.,0.8574,0.79629,1.0,0.69474,0.99248,0.0,18271,19100
2,9,zebra,Is your item a vulture?,No.,0.86354,0.80506,1.0,0.84423,0.99176,0.5,19965,24132
2,10,zebra,Is your item a zebra?,Yes! That's correct.,0.5528,0.78971,0.0,0.96447,0.94924,1.0,17931,12606
3,0,rooster,Is the item you are thinking of a bird?,Yes.,0.77128,0.67325,1.0,0.63285,0.4755,1.0,10327,11344
3,1,rooster,Is the item you are thinking of a peacock?,No.,0.66265,0.51808,1.0,0.61135,0.87335,0.0,16204,11600
3,2,rooster,Is the item you are thinking of a budgie?,No.,0.59541,0.6363,0.5,0.66618,0.95169,0.0,13736,15647
3,3,rooster,Is the item you are thinking of a rooster?,Yes! That's correct.,0.57417,0.82025,0.0,0.91869,0.88385,1.0,16123,11509
4,0,owl,Is the item you have a bird?,Yes.,0.45807,0.65439,0.0,0.41135,0.15908,1.0,11173,13865
4,1,owl,Is the item you have a bird of prey?,Yes.,0.44555,0.6365,0.0,0.76193,0.87419,0.5,15719,11664
4,2,owl,Is the item you have an eagle?,No.,0.53776,0.33966,1.0,0.99592,0.99417,1.0,13692,15006
4,3,owl,Is the item you have a falcon?,No.,0.76421,0.87744,0.5,0.84604,0.99435,0.5,16125,11063
4,4,owl,Is the item you have an owl?,Yes! That's correct.,0.92058,0.99369,0.75,0.99612,0.99446,1.0,18610,10299
5,0,falcon,Is your item a bird?,Yes.,0.50283,0.71832,0.0,0.66029,0.5147,1.0,14649,10188
5,1,falcon,Is your item a parakeet?,No.,0.27597,0.39425,0.0,0.6667,0.95243,0.0,11335,12872
5,2,falcon,Is your item an owl?,No.,0.57956,0.82795,0.0,0.99427,0.99181,1.0,13189,12239
5,3,falcon,Is your item a falcon?,Yes! That's correct.,0.92031,0.99331,0.75,0.76783,0.66834,1.0,15027,14336
6,0,hamster,Is the item you have an animal?,Yes.,0.73808,0.73297,0.75,0.55003,0.35719,1.0,11887,12046
6,1,hamster,Does the animal you have belong to the rodent family?,Yes.,0.44718,0.21026,1.0,0.79583,0.81547,0.75,12947,12913
6,2,hamster,Is the animal you have commonly found in the wild?,No.,0.28859,0.19799,0.5,0.44458,0.63511,0.0,15063,12264
6,3,hamster,Is the animal you have commonly kept as a pet?,Yes.,0.92101,0.88716,1.0,0.72501,0.82144,0.5,14642,11668
6,4,hamster,Is the animal you have small in size?,Yes.,0.38291,0.54702,0.0,0.88678,0.83826,1.0,17353,14558
6,5,hamster,Is the animal you have known for its ability to climb trees?,No.,0.60737,0.54624,0.75,0.88647,0.83782,1.0,20416,21188
6,6,hamster,Is the animal you have known for its cheek pouches?,Yes.,0.82826,0.75465,1.0,0.54833,0.78333,0.0,18225,17199
6,7,hamster,The item you have is a chipmunk.,"No, that's not correct.",0.83257,0.76081,1.0,0.54626,0.78037,0.0,17365,26926
6,8,hamster,I apologize for the mistake. Let me try again. Is the animal you have known for its ability to swim?,No.,0.53208,0.76011,0.0,0.96647,0.9521,1.0,19360,17138
6,9,hamster,I apologize again for the mistake. Let me try one more time. Is the animal you have small and fluffy?,Yes.,0.53681,0.76688,0.0,0.54521,0.77887,0.0,22637,15903
6,10,hamster,The item you have is a hamster.,Yes! That's correct. Well done!,0.57393,0.8199,0.0,0.78115,0.68736,1.0,20383,22273
7,0,dolphin,Is the item something that is worn?,No.,0.2712,0.17315,0.5,0.70649,0.79498,0.5,16467,12608
7,1,dolphin,Is the item a living creature?,Yes.,0.52389,0.53413,0.5,0.57928,0.61325,0.5,13178,10462
7,2,dolphin,Does the creature live in water?,Yes.,0.27786,0.18266,0.5,0.99665,0.99522,1.0,21596,12341
7,3,dolphin,Is the creature a mammal?,Yes.,0.32138,0.45911,0.0,0.65889,0.72698,0.5,15801,13517
7,4,dolphin,Is the creature known for its intelligence?,Yes.,0.30416,0.32737,0.25,0.85707,0.90296,0.75,15810,13386
7,5,dolphin,Is the creature commonly found in oceans or seas?,Yes.,0.62753,0.4679,1.0,0.54719,0.7817,0.0,13839,14969
7,6,dolphin,"Is the creature typically larger in size, like a shark or a whale?",Yes.,0.48149,0.47355,0.5,0.54967,0.78524,0.0,12796,18166
7,7,dolphin,Is the creature a dolphin?,Yes! That's correct.,0.85152,0.78788,1.0,0.99488,0.99268,1.0,16926,19724
8,0,deer,Is your item an animal?,Yes.,0.7023,0.78901,0.5,0.63229,0.4747,1.0,21423,9414
8,1,deer,Is your item a mammal?,Yes.,0.50987,0.72838,0.0,0.93971,0.91388,1.0,16675,11355
8,2,deer,Is your item a herbivore?,Yes.,0.84624,0.99463,0.5,0.88269,0.83242,1.0,11843,10951
8,3,deer,Is your item a fawn?,No.,0.49418,0.49168,0.5,0.71321,0.80459,0.5,16015,11741
8,4,deer,Is your item a deer?,Yes! That's correct.,0.99588,0.99412,1.0,0.92828,0.89754,1.0,14242,12360
9,0,boots,Is the item an animal?,No.,0.37116,0.31594,0.5,0.85486,0.79266,1.0,14502,9036
9,1,boots,Is the item a clothing accessory?,Yes.,0.77723,0.68175,1.0,0.15892,0.11989,0.25,13905,9984
9,2,boots,Is the item worn on the lower body?,Yes.,0.31371,0.23387,0.5,0.61821,0.77601,0.25,15537,13864
9,3,boots,Is the item typically worn on the legs?,Yes.,0.75591,0.6513,1.0,0.8456,0.99371,0.5,12057,11789
9,4,boots,Is the item typically made of fabric?,Yes.,0.65509,0.61441,0.75,0.41532,0.59332,0.0,19565,15998
9,5,boots,Is the item typically worn by males and females?,Yes.,0.67782,0.53974,1.0,0.77248,0.78211,0.75,12595,21890
9,6,boots,Is the item typically worn in warm weather?,No.,0.43889,0.62699,0.0,0.49884,0.71263,0.0,15941,14669
9,7,boots,Is the item typically worn as a protective covering?,Yes.,0.67706,0.75295,0.5,0.84853,0.78362,1.0,14562,19862
9,8,boots,Is the item typically worn outdoors?,Yes.,0.83447,0.76352,1.0,0.844,0.77714,1.0,13661,19417
9,9,boots,Is the item typically worn to protect against rain or snow?,Yes.,0.50168,0.71669,0.0,0.69715,0.78164,0.5,16885,17171
9,10,boots,Is the item a cape?,No.,0.8197,0.74243,1.0,0.99428,0.99183,1.0,18199,15845
9,11,boots,Is the item a pair of trousers?,No.,0.84968,0.78525,1.0,0.91097,0.87281,1.0,18289,21783
9,12,boots,Is the item a pair of boots?,Yes! That's correct.,0.69326,0.77609,0.5,0.98503,0.97861,1.0,21565,24609
10,0,tie,Is the item you have an animal?,No.,0.63028,0.47183,1.0,0.85604,0.79435,1.0,19465,10667
10,1,tie,Is the item you have an accessory?,Yes.,0.44187,0.63125,0.0,0.34869,0.49813,0.0,12753,12676
10,2,tie,Is the item you have worn around the neck?,Yes.,0.43465,0.62093,0.0,0.49621,0.70887,0.0,12777,11874
10,3,tie,Is the item you have typically made of fabric?,Yes.,0.57418,0.39168,1.0,0.60245,0.86065,0.0,13269,13733
10,4,tie,Is the item you have typically long and narrow in shape?,Yes.,0.51522,0.30745,1.0,0.60203,0.86005,0.0,11748,16044
10,5,tie,Is the item you have typically worn for warmth?,Yes.,0.51709,0.31013,1.0,0.80962,0.72802,1.0,17041,15029
10,6,tie,Is the item you have worn mainly during colder seasons?,Yes.,0.39564,0.5652,0.0,0.79322,0.70459,1.0,13728,16307
10,7,tie,Is the item you have typically made of wool?,Yes.,0.32757,0.46796,0.0,0.42973,0.6139,0.0,14229,20575
10,8,tie,Is the item you have commonly used to cover the neck and shoulders?,Yes.,0.78738,0.69625,1.0,0.8057,0.72242,1.0,21422,28017
10,9,tie,Is the item you have typically patterned or plain in design?,It can be both patterned and plain.,0.48291,0.68987,0.0,0.83217,0.76024,1.0,15967,21478
10,10,tie,Is the item you have commonly worn by both men and women?,Yes.,0.64235,0.70335,0.5,0.68856,0.66223,0.75,15125,21868
10,11,tie,Is the item you have commonly seen in various colors?,Yes.,0.75889,0.65556,1.0,0.81751,0.7393,1.0,22385,22612
10,12,tie,Is the item you have a scarf?,No.,0.82346,0.74779,1.0,0.34874,0.4982,0.0,20543,20467
10,13,tie,"My apologies for the misunderstanding. Based on the given information, the item you have is a tie.",Yes! That's correct. Well done! The item assigned to me is indeed a tie.,0.66661,0.73801,0.5,0.82496,0.74994,1.0,23200,33618
11,0,belt,Is the item an animal?,No.,0.40877,0.58396,0.0,0.55504,0.79292,0.0,19446,9789
11,1,belt,Is the item a piece of clothing?,Yes.,0.81333,0.73332,1.0,0.47013,0.24305,1.0,12926,11600
11,2,belt,Is the item typically worn on the upper body?,No.,0.65396,0.71995,0.5,0.72927,0.82753,0.5,9445,11595
11,3,belt,Is the item typically worn on the lower body?,Yes.,0.95476,0.93537,1.0,0.60182,0.85974,0.0,14623,12397
11,4,belt,Is the item typically worn by men?,No.,0.54949,0.67784,0.25,0.62943,0.89918,0.0,15518,16193
11,5,belt,Is the item typically worn by women?,Yes.,0.91772,0.88245,1.0,0.84909,0.78441,1.0,16229,16920
11,6,belt,Is the item typically worn as sleepwear?,No.,0.51775,0.6325,0.25,0.74596,0.85137,0.5,15502,15622
11,7,belt,Is the item typically worn as formal attire?,No.,0.62735,0.78908,0.25,0.91122,0.87317,1.0,16676,16409
11,8,belt,Is the item typically worn as casual attire?,Yes.,0.53063,0.75804,0.0,0.62574,0.78677,0.25,14834,18672
11,9,belt,Is the item a belt?,Yes! That's correct.,0.83667,0.76666,1.0,0.92027,0.99324,0.75,14847,20546
12,0,seal,Is your item a living organism?,Yes.,0.60705,0.43864,1.0,0.52134,0.31619,1.0,17290,11551
12,1,seal,Is your item a mammal?,Yes.,0.70537,0.57909,1.0,0.87572,0.82246,1.0,11276,13177
12,2,seal,Is your item a domesticated animal?,No.,0.22023,0.31462,0.0,0.7216,0.60228,1.0,19026,17705
12,3,seal,Is your item a small animal?,No.,0.45417,0.64881,0.0,0.99612,0.99446,1.0,12658,13653
12,4,seal,Does your item have antlers?,No.,0.40599,0.57998,0.0,0.99617,0.99453,1.0,14087,15907
12,5,seal,Is your item a seal?,Yes! That's correct.,0.52616,0.75165,0.0,0.91101,0.87287,1.0,14614,16581
13,0,bear,Is the item you have in mind an animal?,Yes.,0.65975,0.51392,1.0,0.6323,0.47471,1.0,15936,9723
13,1,bear,Does the animal you have in mind have stripes?,No.,0.2318,0.11686,0.5,0.69641,0.99488,0.0,16692,11160
13,2,bear,Is the animal you have in mind a mammal?,Yes.,0.86307,0.80439,1.0,0.85471,0.79244,1.0,12205,14244
13,3,bear,Is the mammal you have in mind commonly found in the wild?,Yes.,0.31603,0.45146,0.0,0.96199,0.9457,1.0,14491,19056
13,4,bear,Is the mammal you have in mind larger than a human?,Yes.,0.40686,0.36695,0.5,0.87737,0.82482,1.0,13661,18935
13,5,bear,Is the mammal you have in mind a herbivore?,No.,0.4938,0.49115,0.5,0.96611,0.95158,1.0,16294,16944
13,6,bear,Is the mammal you have in mind a predator?,Yes.,0.73113,0.61589,1.0,0.84365,0.77664,1.0,15342,16152
13,7,bear,Is the mammal you have in mind known for its agility and climbing skills?,No.,0.49839,0.71198,0.0,0.58476,0.83537,0.0,15965,16738
13,8,bear,Is the mammal you have in mind known for its strength and power?,Yes.,0.63802,0.69717,0.5,0.85155,0.78792,1.0,17576,24428
13,9,bear,Is the mammal you have in mind a bear?,Yes! That's correct.,0.82532,0.75046,1.0,0.99468,0.9924,1.0,19020,16619
14,0,seal,Is the item you have in mind an animal?,Yes.,0.74836,0.64051,1.0,0.41127,0.15896,1.0,14257,13695
14,1,seal,Does the animal you have in mind live in the water?,Yes.,0.44858,0.21226,1.0,0.78902,0.6986,1.0,14362,13127
14,2,seal,Is the animal you have in mind a marine mammal?,Yes.,0.41949,0.59927,0.0,0.90586,0.86552,1.0,20572,13719
14,3,seal,Is the animal you have in mind a walrus?,No.,0.52731,0.64616,0.25,0.69617,0.99453,0.0,19023,14160
14,4,seal,Is the animal you have in mind a seal?,Yes! That's correct.,0.76957,0.8851,0.5,0.95622,0.93745,1.0,19178,15039
15,0,missile,Is the item alive?,No.,0.4817,0.47385,0.5,0.85577,0.79396,1.0,33707,10639
15,1,missile,Does the item explode?,Yes.,0.21406,0.3058,0.0,0.15785,0.2255,0.0,12611,11584
15,2,missile,Is the item smaller than a breadbox?,No.,0.12772,0.18246,0.0,0.73509,0.83584,0.5,13469,12120
15,3,missile,Is the item used as a weapon?,Yes.,0.71986,0.59981,1.0,0.9653,0.95042,1.0,13818,13300
15,4,missile,Is the item typically used by the military?,Yes.,0.20386,0.29123,0.0,0.76372,0.76961,0.75,17552,13024
15,5,missile,Is the item a missile?,Yes! That's correct.,0.81016,0.7288,1.0,0.99615,0.99449,1.0,17333,12373
16,0,spear,Is the item an animal?,No.,0.61031,0.65759,0.5,0.88309,0.83298,1.0,27507,10334
16,1,spear,Is the item a weapon?,Yes.,0.7973,0.71042,1.0,0.13098,0.18711,0.0,13085,11259
16,2,spear,Is the item handheld?,Yes.,0.29074,0.20106,0.5,0.87072,0.81532,1.0,14554,12062
16,3,spear,Is the item commonly used in close combat?,Yes.,0.43106,0.40151,0.5,0.9022,0.86028,1.0,12282,13918
16,4,spear,Is the item a dagger?,No.,0.75784,0.65406,1.0,0.96509,0.95013,1.0,13478,14802
16,5,spear,Is the item a sword?,No.,0.65919,0.72741,0.5,0.84572,0.99388,0.5,15613,12497
16,6,spear,Is the item a spear?,Yes! That's correct.,0.65321,0.93315,0.0,0.99614,0.99449,1.0,13187,16505
17,0,stick,Is the item alive?,No.,0.52279,0.53256,0.5,0.88384,0.83406,1.0,14906,10327
17,1,stick,Is the item used for hunting?,Yes.,0.26543,0.1649,0.5,0.0252,0.036,0.0,11729,11556
17,2,stick,Is the item made of wood?,Yes.,0.41607,0.3801,0.5,0.34104,0.27291,0.5,10459,12159
17,3,stick,Is the item long and narrow?,Yes.,0.28602,0.4086,0.0,0.57413,0.82019,0.0,15245,20323
17,4,stick,Is the item a harpoon?,No.,0.83134,0.75906,1.0,0.69625,0.99464,0.0,17615,11402
17,5,stick,Is the item a whip?,No.,0.67825,0.75465,0.5,0.55653,0.79504,0.0,19000,14070
17,6,stick,Is the item a stick?,Yes! That's correct.,0.96611,0.95159,1.0,0.99619,0.99456,1.0,15671,16395
18,0,caribou,Is the item an animal?,Yes.,0.29345,0.41922,0.0,0.63208,0.47439,1.0,9927,10494
18,1,caribou,Is the item a mammal?,Yes.,0.30554,0.43649,0.0,0.87371,0.81958,1.0,12226,11201
18,2,caribou,Is the item smaller than a human?,No.,0.37821,0.11173,1.0,0.21409,0.30584,0.0,13034,13504
18,3,caribou,Is the item typically found in the wild?,Yes.,0.41826,0.38323,0.5,0.62532,0.67903,0.5,16322,13862
18,4,caribou,Is the item larger than a car?,Yes.,0.32725,0.46751,0.0,0.702,0.78858,0.5,14635,13735
18,5,caribou,Is the item a herbivore?,Yes.,0.36323,0.41175,0.25,0.89469,0.84955,1.0,23083,17599
18,6,caribou,Is the item an elephant?,No.,0.77564,0.67949,1.0,0.69579,0.99398,0.0,14773,16008
18,7,caribou,Is the item a caribou?,Yes! That's correct.,0.9664,0.95201,1.0,0.99575,0.99393,1.0,21686,19703
19,0,zebra,Is the item you have chosen an animal?,Yes.,0.40563,0.15089,1.0,0.48202,0.47431,0.5,13519,10287
19,1,zebra,Does the animal you have chosen live in the water?,No.,0.18804,0.26863,0.0,0.61092,0.7656,0.25,16884,15219
19,2,zebra,Is the animal you have chosen a mammal?,Yes.,0.44071,0.62959,0.0,0.85506,0.79295,1.0,12646,18784
19,3,zebra,Is the mammal you have chosen a herbivore?,No.,0.33275,0.47535,0.0,0.92093,0.99419,0.75,17867,14791
19,4,zebra,Is the mammal you have chosen a large land-dwelling animal?,Yes.,0.45837,0.65482,0.0,0.6943,0.77758,0.5,20120,17404
19,5,zebra,Is the mammal you have chosen a member of the horse family?,No.,0.24966,0.35666,0.0,0.62658,0.89512,0.0,17645,13771
19,6,zebra,Is the mammal you have chosen known for having distinctive black and white stripes?,Yes! That's correct.,0.32427,0.46324,0.0,0.8448,0.99257,0.5,18915,18333
20,0,cow,Is the item you have an animal?,Yes.,0.44404,0.20577,1.0,0.52198,0.31712,1.0,16861,10712
20,1,cow,Does the animal you have live in water?,No.,0.03943,0.05633,0.0,0.86556,0.80794,1.0,15914,12954
20,2,cow,Is the animal you have commonly found in forests?,No.,0.34848,0.28355,0.5,0.66795,0.95421,0.0,14000,14821
20,3,cow,Is the animal you have typically found on farms?,Yes.,0.45015,0.64307,0.0,0.52391,0.74844,0.0,17934,15548
20,4,cow,Is the animal you have larger than a human?,Yes.,0.30489,0.43556,0.0,0.96615,0.95165,1.0,17854,12759
20,5,cow,Does the animal you have four legs?,Yes.,0.38559,0.55084,0.0,0.70403,0.89861,0.25,16302,13565
20,6,cow,Is the animal you have typically used for milk or meat production?,Yes.,0.60949,0.65642,0.5,0.84213,0.77446,1.0,18562,23548
20,7,cow,Is the animal you have a cow?,Yes! That's correct.,0.85114,0.78735,1.0,0.99484,0.99263,1.0,15556,17976
21,0,avocado,Is the item you have in mind an animal?,No.,0.43814,0.19734,1.0,0.55535,0.79336,0.0,15620,13536
21,1,avocado,Is the item you have in mind a fruit?,Yes.,0.69577,0.99395,0.0,0.40381,0.1483,1.0,11346,11190
21,2,avocado,Is the item you have in mind a citrus fruit?,No.,0.40168,0.57383,0.0,0.69581,0.99401,0.0,11944,12965
21,3,avocado,Is the item you have in mind a tropical fruit?,Yes.,0.68695,0.55279,1.0,0.48764,0.69663,0.0,13966,15692
21,4,avocado,Is the item you have in mind a pineapple?,No.,0.50917,0.62024,0.25,0.93958,0.91369,1.0,18888,16582
21,5,avocado,Is the item you have in mind a tangerine?,No.,0.8378,0.76828,1.0,0.66712,0.95303,0.0,13977,14553
21,6,avocado,Is the item you have in mind an avocado?,Yes! That's correct.,0.63695,0.69564,0.5,0.9294,0.89915,1.0,16176,19771
22,0,cherry,Is the item you have an animal?,No.,0.63092,0.47274,1.0,0.70555,0.79364,0.5,8727,12092
22,1,cherry,Is the item you have a fruit?,Yes.,0.59293,0.84705,0.0,0.32399,0.35569,0.25,9767,10397
22,2,cherry,Is the item you have a citrus fruit?,No.,0.40373,0.46961,0.25,0.89745,0.8535,1.0,14878,12067
22,3,cherry,Is the item you have a small fruit?,Yes.,0.47179,0.67399,0.0,0.87,0.81429,1.0,13233,13350
22,4,cherry,Is the item you have red in color?,Yes.,0.57584,0.60834,0.5,0.88958,0.84226,1.0,12613,12181
22,5,cherry,Is the item you have round in shape?,Yes.,0.53248,0.5464,0.5,0.65139,0.82341,0.25,16090,16760
22,6,cherry,Is the item you have a cherry?,Yes! That's correct.,0.76096,0.65852,1.0,0.99556,0.99365,1.0,16963,15637
23,0,tomato,Is the item you have an animal?,No.,0.42954,0.18505,1.0,0.73284,0.83262,0.5,14382,11116
23,1,tomato,Is the item you have a fruit or vegetable?,Yes.,0.47564,0.67949,0.0,0.18311,0.26158,0.0,16664,13155
23,2,tomato,Is the item you have a citrus fruit?,No.,0.29067,0.41524,0.0,0.99589,0.99413,1.0,12272,21145
23,3,tomato,Is the item you have red in color?,Yes.,0.73798,0.83997,0.5,0.62247,0.88924,0.0,13973,14309
23,4,tomato,Is the item you have commonly used in cooking or recipes?,Yes.,0.66892,0.52704,1.0,0.87482,0.82118,1.0,17614,15046
23,5,tomato,Is the item you have known for its tart taste?,No.,0.43195,0.61708,0.0,0.87369,0.81955,1.0,14125,17735
23,6,tomato,Is the item you have often eaten raw?,Yes.,0.78738,0.69626,1.0,0.68996,0.77137,0.5,15201,21448
23,7,tomato,Is the item you have commonly used in salads?,Yes.,0.51917,0.74168,0.0,0.84832,0.78332,1.0,16450,27477
23,8,tomato,Is the item you have small and spherical in shape?,Yes.,0.50927,0.72753,0.0,0.77341,0.78345,0.75,18091,18676
23,9,tomato,Is the item you have a cranberry?,No.,0.83148,0.75926,1.0,0.66027,0.94325,0.0,16853,17805
23,10,tomato,Is the item you have a tomato?,Yes! That's correct.,0.8791,0.82729,1.0,0.99255,0.98936,1.0,20463,19326
24,0,mink,Is the item you have an animal?,Yes.,0.34323,0.49034,0.0,0.15069,0.00098,0.5,13656,9409
24,1,mink,Is the item you have a mammal?,Yes.,0.70521,0.57887,1.0,0.89268,0.95382,0.75,11232,12351
24,2,mink,Is the item you have a land mammal?,Yes.,0.34979,0.49969,0.0,0.84604,0.99434,0.5,12791,14290
24,3,mink,Is the item you have a herbivore?,No.,0.46979,0.67112,0.0,0.60691,0.86701,0.0,15737,16448
24,4,mink,Is the item you have a carnivorous land mammal?,Yes.,0.68377,0.76252,0.5,0.67999,0.54284,1.0,14729,13043
24,5,mink,Is the item you have a mammal that is typically found in the ocean?,No.,0.19872,0.28389,0.0,0.69573,0.9939,0.0,14386,13778
24,6,mink,Is the item you have a large carnivorous land mammal?,No.,0.71816,0.59737,1.0,0.59521,0.85031,0.0,16158,15235
24,7,mink,Is the item you have a small carnivorous land mammal?,Yes.,0.60104,0.85863,0.0,0.87984,0.82834,1.0,16874,15602
24,8,mink,Is the item you have a member of the weasel family?,Yes.,0.75703,0.65289,1.0,0.85187,0.78838,1.0,13894,17303
24,9,mink,Is the item you have a mink?,Yes! That's correct.,0.83505,0.76436,1.0,0.99404,0.99148,1.0,14468,18728
25,0,gorilla,Is the item you have in mind an animal?,Yes.,0.35985,0.0855,1.0,0.54987,0.35695,1.0,10587,11927
25,1,gorilla,Is the animal you are thinking of a mammal?,Yes.,0.3453,0.49328,0.0,0.73074,0.61534,1.0,17945,10660
25,2,gorilla,Is the mammal you are thinking of a land-dwelling animal?,Yes.,0.43972,0.62817,0.0,0.88201,0.83144,1.0,12477,11023
25,3,gorilla,Is the animal you are thinking of a herbivore?,No.,0.73617,0.62309,1.0,0.4888,0.69828,0.0,18847,12421
25,4,gorilla,Is the mammal you are thinking of a large animal?,Yes.,0.55437,0.68482,0.25,0.72775,0.71822,0.75,19655,16523
25,5,gorilla,Is the mammal you are thinking of known for its intelligence?,Yes.,0.31415,0.44879,0.0,0.71192,0.80274,0.5,17570,14762
25,6,gorilla,Is the mammal you are thinking of typically found in the water?,No.,0.39136,0.55908,0.0,0.61478,0.66397,0.5,16188,16986
25,7,gorilla,Is the mammal you are thinking of often associated with jungles or forests?,Yes.,0.66343,0.73347,0.5,0.76546,0.77209,0.75,18104,20572
25,8,gorilla,Is the mammal you are thinking of a gorilla?,Yes! That's correct.,0.85258,0.78941,1.0,0.99523,0.99319,1.0,14479,20698
26,0,elk,Is your item an animal?,Yes.,0.71936,0.59908,1.0,0.54967,0.35667,1.0,27764,14195
26,1,elk,Is your animal aquatic?,No.,0.58879,0.41256,1.0,0.5623,0.58901,0.5,11802,11440
26,2,elk,Is your animal a mammal?,Yes.,0.85651,0.79502,1.0,0.66539,0.73628,0.5,13431,12753
26,3,elk,Is your animal a herbivore?,Yes.,0.47108,0.45869,0.5,0.78063,0.79376,0.75,14120,17111
26,4,elk,Is your animal larger than a dog?,Yes.,0.29481,0.42115,0.0,0.74798,0.85425,0.5,15099,18077
26,5,elk,Is your animal found in Africa?,No.,0.29196,0.41709,0.0,0.73207,0.83153,0.5,22972,15083
26,6,elk,Is your animal larger than a horse?,Yes.,0.46949,0.56355,0.25,0.87074,0.81534,1.0,17519,16436
26,7,elk,Is your animal a herbivorous mammal larger than a horse that is found in North America?,Yes! That's correct.,0.69728,0.56754,1.0,0.99409,0.99155,1.0,17827,16976
27,0,pumpkin,Is the item you have an animal?,No.,0.78285,0.68978,1.0,0.70597,0.79425,0.5,19735,8790
27,1,pumpkin,Is the item you have a plant?,Yes.,0.63136,0.47336,1.0,0.44739,0.21056,1.0,13010,10523
27,2,pumpkin,Is the item you have a fruit or vegetable?,Yes.,0.63394,0.47706,1.0,0.87366,0.81951,1.0,14226,11715
27,3,pumpkin,Is the item you have a fruit?,No.,0.89345,0.84779,1.0,0.73617,0.83738,0.5,14552,12517
27,4,pumpkin,Is the item you have a vegetable?,Yes.,0.9951,0.993,1.0,0.85897,0.90568,0.75,13297,17701
27,5,pumpkin,Is the item you have a leafy green vegetable?,No.,0.43873,0.62676,0.0,0.99581,0.99401,1.0,16640,13309
27,6,pumpkin,Is the item you have a root vegetable?,No.,0.93172,0.90245,1.0,0.84536,0.99337,0.5,20141,17088
27,7,pumpkin,"Is the item you have a vegetable from the brassica family? (such as broccoli, cabbage, or kale)",No.,0.52916,0.75594,0.0,0.74117,0.95166,0.25,17927,16899
27,8,pumpkin,Is the item you have a legume vegetable? (such as peas or beans),No.,0.53915,0.77022,0.0,0.96368,0.94811,1.0,16929,14336
27,9,pumpkin,Is the item you have a mushroom?,No.,0.54589,0.77985,0.0,0.87257,0.81796,1.0,17606,18097
27,10,pumpkin,Is the item you have a cauliflower?,No.,0.8456,0.77942,1.0,0.83872,0.98388,0.5,16692,18561
27,11,pumpkin,Is the item you have a pumpkin?,Yes! That's correct.,0.88765,0.83951,1.0,0.90097,0.96567,0.75,18730,23451
28,0,beans,Is the item you are thinking of a food item?,Yes.,0.0107,0.01528,0.0,0.63241,0.47488,1.0,13165,11097
28,1,beans,Is the item you are thinking of a plant-based food item?,Yes.,0.4565,0.65214,0.0,0.84561,0.77945,1.0,14464,11518
28,2,beans,Is the item you are thinking of a root vegetable?,No.,0.3099,0.44272,0.0,0.46291,0.66129,0.0,14890,14274
28,3,beans,Is the item you are thinking of a leafy vegetable?,No.,0.62258,0.67511,0.5,0.69665,0.99521,0.0,17736,11565
28,4,beans,"Is the item you are thinking of a legume? (e.g., beans, peas, lentils)",Yes! That's correct.,0.53352,0.76218,0.0,0.8847,0.83528,1.0,14419,11528
29,0,potato,Is the item a vegetable?,Yes.,0.15611,0.00873,0.5,0.63217,0.47452,1.0,14325,12703
29,1,potato,Is the item a root vegetable?,Yes.,0.05914,0.08448,0.0,0.74567,0.63667,1.0,14574,11519
29,2,potato,Is the item a potato?,Yes! That's correct.,0.72048,0.60069,1.0,0.99635,0.99479,1.0,14699,10247
30,0,penguin,Is the item an article of clothing?,No.,0.15796,0.01137,0.5,0.85548,0.79354,1.0,18314,10261
30,1,penguin,Is the item a bird?,Yes.,0.46737,0.66767,0.0,0.02374,0.03391,0.0,11598,12206
30,2,penguin,Does the item have a black and white coloration?,Yes.,0.13402,0.19145,0.0,0.84597,0.99425,0.5,12247,11721
30,3,penguin,Is the item a penguin?,Yes! That's correct.,0.90948,0.87068,1.0,0.99594,0.99419,1.0,12697,14435
31,0,stork,Is the item you have in mind a bird?,Yes.,0.41971,0.59959,0.0,0.52199,0.31714,1.0,15065,11627
31,1,stork,Is the item you have in mind a bird of prey?,No.,0.40499,0.57855,0.0,0.65811,0.83301,0.25,17350,12595
31,2,stork,Is the item you have in mind a parakeet?,No.,0.58067,0.61524,0.5,0.69534,0.99334,0.0,14196,10240
31,3,stork,Is the item you have in mind a woodpecker?,No.,0.56691,0.80987,0.0,0.69359,0.99085,0.0,16496,14896
31,4,stork,Is the item you have in mind a stork?,Yes! That's correct.,0.78291,0.90416,0.5,0.84567,0.99382,0.5,16030,12828
32,0,hawk,Is your item a bird?,Yes.,0.38044,0.43634,0.25,0.63257,0.4751,1.0,16890,13669
32,1,hawk,Does your item have colorful and flamboyant feathers?,No.,0.10133,0.14476,0.0,0.74626,0.63752,1.0,11667,16890
32,2,hawk,Is your item a bird of prey?,Yes.,0.52476,0.32109,1.0,0.99601,0.9943,1.0,17731,11805
32,3,hawk,Does your item have a hooked beak?,Yes.,0.44618,0.42312,0.5,0.90502,0.86431,1.0,14776,14548
32,4,hawk,Is your item a falcon?,No.,0.7179,0.597,1.0,0.66769,0.95384,0.0,15125,14732
32,5,hawk,Is your item a hawk?,Yes! That's correct.,0.7868,0.90971,0.5,0.95045,0.92921,1.0,17430,19871
33,0,bra,Is the item you have a bird?,No.,0.39346,0.3478,0.5,0.61197,0.87424,0.0,12094,13720
33,1,bra,Is the item you have an article of clothing?,Yes.,0.83675,0.87392,0.75,0.61743,0.45348,1.0,12135,12349
33,2,bra,Is the item you have worn on the upper body?,Yes.,0.71536,0.59337,1.0,0.99613,0.99447,1.0,13622,11861
33,3,bra,Is the item you have typically worn by women?,Yes.,0.72461,0.60659,1.0,0.89028,0.9504,0.75,13619,11691
33,4,bra,Is the item you have typically worn as an undergarment?,Yes.,0.7889,0.69842,1.0,0.75576,0.86537,0.5,15133,14219
33,5,bra,Is the item you have smaller than a T-shirt?,Yes.,0.47156,0.67366,0.0,0.60562,0.86518,0.0,13479,14088
33,6,bra,Is the item you have worn to support or enhance the breasts?,Yes.,0.82191,0.74558,1.0,0.84543,0.77919,1.0,16183,15188
33,7,bra,Is the item you have a bra?,Yes! That's correct.,0.86116,0.80166,1.0,0.99085,0.98692,1.0,15548,17874
34,0,belt,Is the item you have a living thing?,No.,0.75794,0.6542,1.0,0.85564,0.79377,1.0,8840,12042
34,1,belt,Is the item you have an accessory?,Yes.,0.45583,0.65118,0.0,0.49271,0.48959,0.5,11689,11868
34,2,belt,Can the item be worn around the waist?,Yes.,0.55877,0.36968,1.0,0.85874,0.90535,0.75,12983,13204
34,3,belt,Is the item typically made of cloth?,No.,0.46803,0.45433,0.5,0.38547,0.33639,0.5,10962,15055
34,4,belt,Is the item made of leather?,Yes.,0.74719,0.63884,1.0,0.6834,0.86914,0.25,11957,13549
34,5,belt,Is the item typically used to hold up pants or a skirt?,Yes.,0.67898,0.5414,1.0,0.87874,0.82677,1.0,14575,16144
34,6,belt,Is the item primarily used by men?,No.,0.57265,0.60378,0.5,0.30291,0.21845,0.5,20633,17782
34,7,belt,Is the item typically worn with formal attire?,"It can be worn with formal attire, but it is not limited to formal attire.",0.68508,0.7644,0.5,0.84554,0.77934,1.0,18359,21415
34,8,belt,Is the item a belt?,Yes! That's correct.,0.93769,0.91098,1.0,0.99495,0.99278,1.0,19053,17777
35,0,bra,Is the item alive?,No.,0.3565,0.50928,0.0,0.85569,0.79385,1.0,14505,10686
35,1,bra,Is the item a type of clothing?,Yes.,0.32589,0.46555,0.0,0.519,0.31286,1.0,11705,12395
35,2,bra,Is the item usually worn on the upper body?,Yes.,0.30813,0.44018,0.0,0.99582,0.99403,1.0,10488,11987
35,3,bra,Is the item typically worn by men?,No.,0.58741,0.62487,0.5,0.69465,0.99235,0.0,12542,11631
35,4,bra,Is the item typically worn by women?,Yes.,0.78624,0.69463,1.0,0.60729,0.86756,0.0,13823,13079
35,5,bra,Does the item cover the chest area?,Yes.,0.5415,0.66643,0.25,0.93682,0.90975,1.0,14175,14407
35,6,bra,Is the item typically worn for special occasions or events?,"It can be, but it is also commonly worn for everyday purposes.",0.45328,0.64755,0.0,0.52998,0.75711,0.0,17423,15089
35,7,bra,Is the item typically made of fabric?,Yes.,0.81467,0.73524,1.0,0.55171,0.78815,0.0,15795,19656
35,8,bra,Does the item have straps?,Yes.,0.51774,0.73963,0.0,0.90917,0.87025,1.0,19144,22792
35,9,bra,Is the item typically worn under clothing?,Yes.,0.54386,0.77695,0.0,0.57723,0.82462,0.0,15864,21552
35,10,bra,"Based on your responses, the item assigned to you is a bra.",Yes! That's correct. Well done!,0.84026,0.7718,1.0,0.81815,0.74021,1.0,17061,22938
36,0,penguin,Is the item you have assigned a living creature?,Yes.,0.47754,0.46791,0.5,0.66044,0.51492,1.0,13614,10674
36,1,penguin,Does the item you have assigned have wings?,Yes.,0.26621,0.38029,0.0,0.94024,0.91463,1.0,10353,10123
36,2,penguin,Is the item you have assigned able to fly?,No.,0.5827,0.40386,1.0,0.07474,0.10677,0.0,16182,11485
36,3,penguin,"Based on your responses, the item you have assigned is a penguin.",Yes! That's correct. Well done!,0.62775,0.46821,1.0,0.69747,0.56781,1.0,15278,19515
37,0,penguin,Is the item a living creature?,Yes.,0.51196,0.51708,0.5,0.30056,0.0008,1.0,16536,8975
37,1,penguin,Is the item a bird?,Yes.,0.46949,0.6707,0.0,0.99578,0.99398,1.0,14761,14768
37,2,penguin,Does the item have wings?,Yes.,0.24576,0.35108,0.0,0.47951,0.47072,0.5,10229,9940
37,3,penguin,Is the item typically found in water?,Yes.,0.254,0.36286,0.0,0.96819,0.95456,1.0,18317,13983
37,4,penguin,Is the item a pelican?,No.,0.84458,0.77797,1.0,0.66607,0.95153,0.0,12987,14562
37,5,penguin,Is the item a starling?,No.,0.60513,0.86447,0.0,0.66742,0.95345,0.0,12960,13086
37,6,penguin,Is the item a penguin?,Yes! That's correct.,0.65213,0.93161,0.0,0.93592,0.90846,1.0,13174,13174
38,0,seagull,Is the candidate you have in mind a bird?,Yes.,0.59113,0.4159,1.0,0.63302,0.47574,1.0,17425,11467
38,1,seagull,Is the candidate you have in mind a stork?,No.,0.63174,0.47392,1.0,0.66835,0.95478,0.0,11292,10832
38,2,seagull,Is the candidate you have in mind an owl?,No.,0.55853,0.79791,0.0,0.66445,0.94921,0.0,19584,16113
38,3,seagull,Is the candidate you have in mind a chickadee?,No.,0.69231,0.77473,0.5,0.69057,0.98652,0.0,15325,11055
38,4,seagull,Is the candidate you have in mind a seagull?,Yes! That's correct.,0.88438,0.94197,0.75,0.99584,0.99405,1.0,21604,13901
39,0,whip,Is the item alive?,No.,0.28799,0.19713,0.5,0.91162,0.87374,1.0,12518,9560
39,1,whip,Is the item a household object?,No.,0.39266,0.34666,0.5,0.99635,0.99478,1.0,12085,12054
39,2,whip,Is the item usually made of metal?,No.,0.31592,0.23702,0.5,0.99599,0.99428,1.0,12259,10741
39,3,whip,Is the item typically used for hunting or defense?,No.,0.45225,0.43178,0.5,0.99566,0.99381,1.0,17926,12483
39,4,whip,Does the item have feathers?,No.,0.56175,0.58821,0.5,0.99561,0.99372,1.0,13191,11222
39,5,whip,"Is the item a long, thin object?",Yes.,0.41008,0.58582,0.0,0.64303,0.70433,0.5,14644,17273
39,6,whip,Is the item typically used for hitting or striking something?,Yes.,0.4385,0.62642,0.0,0.69821,0.78316,0.5,14677,16106
39,7,whip,Is the item a whip?,Yes! That's correct.,0.84009,0.77155,1.0,0.99512,0.99302,1.0,14007,17236
40,0,bomb,Is the item living?,No.,0.2247,0.321,0.0,0.88393,0.83418,1.0,12868,9921
40,1,bomb,Is the item a weapon?,Yes.,0.47488,0.6784,0.0,0.20729,0.08185,0.5,11004,12683
40,2,bomb,Is the item explosive?,Yes.,0.58698,0.83854,0.0,0.99656,0.99509,1.0,11000,10445
40,3,bomb,Does the item have a long range?,No.,0.32364,0.46234,0.0,0.66413,0.94875,0.0,12455,13100
40,4,bomb,Is the item handheld?,Yes.,0.52883,0.75547,0.0,0.54412,0.77731,0.0,19914,14253
40,5,bomb,Is the item commonly used by military personnel?,Yes.,0.32117,0.45881,0.0,0.54771,0.78245,0.0,13362,14908
40,6,bomb,Is the item a grenade?,No.,0.93033,0.90048,1.0,0.84568,0.99382,0.5,12664,14088
40,7,bomb,Is the item a bomb?,Yes! That's correct.,0.91019,0.8717,1.0,0.9956,0.99372,1.0,14309,14433
41,0,stick,Is your item a living creature?,No.,0.8526,0.78943,1.0,0.85588,0.79412,1.0,28022,10759
41,1,stick,Is your item made of wood?,Yes.,0.33043,0.25776,0.5,0.7243,0.60614,1.0,11739,14075
41,2,stick,Is your item a stick?,Yes! That's correct.,0.9452,0.92171,1.0,0.88061,0.82944,1.0,11614,15106
42,0,budgie,Is the item you have an animal?,Yes.,0.54925,0.35608,1.0,0.41119,0.15885,1.0,15285,9945
42,1,budgie,Is the animal you have a bird?,Yes.,0.64221,0.70316,0.5,0.96811,0.95445,1.0,14942,12380
42,2,budgie,Is the bird you have a pet?,Yes.,0.3629,0.30414,0.5,0.9024,0.86057,1.0,13896,14455
42,3,budgie,Is the bird you have smaller than a crow?,Yes.,0.23226,0.22465,0.25,0.99642,0.99488,1.0,12786,13846
42,4,budgie,Is the bird you have commonly kept as a pet a budgie?,Yes! That's correct.,0.81424,0.73463,1.0,0.99617,0.99453,1.0,12406,15890
43,0,dove,Is the item you have an animal?,Yes.,0.32958,0.36368,0.25,0.55005,0.35721,1.0,16426,11281
43,1,dove,Does the item you have feathers?,Yes.,0.40226,0.14608,1.0,0.96833,0.95476,1.0,12651,10742
43,2,dove,Is the item you have a bird?,Yes.,0.7908,0.70114,1.0,0.8719,0.81699,1.0,12039,11841
43,3,dove,Is the item you have a songbird?,No.,0.26732,0.27475,0.25,0.3344,0.47771,0.0,15969,13368
43,4,dove,Is the item you have a bird of prey?,No.,0.67083,0.63689,0.75,0.6212,0.88743,0.0,15116,13440
43,5,dove,Is the item you have a water bird?,No.,0.6746,0.74943,0.5,0.5964,0.852,0.0,20246,17044
43,6,dove,Is the item you have a land bird?,Yes.,0.80195,0.71707,1.0,0.93852,0.91217,1.0,14283,16032
43,7,dove,Is the item you have a small land bird?,Yes.,0.53363,0.76233,0.0,0.85165,0.78807,1.0,14678,15814
43,8,dove,Is the item you have a robin?,No.,0.83921,0.7703,1.0,0.74045,0.95065,0.25,18235,17522
43,9,dove,Is the item you have a dove?,Yes! That's correct.,0.72353,0.81932,0.5,0.99577,0.99395,1.0,19997,17576
44,0,woodpecker,Is the item you have a fruit?,No.,0.52989,0.43556,0.75,0.73342,0.83346,0.5,15417,11858
44,1,woodpecker,Is the item you have a bird?,Yes.,0.56983,0.81405,0.0,0.18908,0.27011,0.0,11313,11562
44,2,woodpecker,Is the item you have a water bird?,No.,0.44608,0.63726,0.0,0.66749,0.95356,0.0,15252,13414
44,3,woodpecker,Is the item you have a bird of prey?,No.,0.30839,0.44056,0.0,0.84538,0.99339,0.5,23029,15155
44,4,woodpecker,Is the item you have a small bird?,No.,0.62288,0.67555,0.5,0.80698,0.93854,0.5,12849,13794
44,5,woodpecker,Is the item you have a stork?,No.,0.51818,0.74026,0.0,0.81643,0.95204,0.5,16522,17098
44,6,woodpecker,Is the item you have a woodpecker?,Yes! That's correct.,0.60176,0.85966,0.0,0.96553,0.95076,1.0,14541,14444
45,0,rhubarb,Is the item an animal?,No.,0.30653,0.43791,0.0,0.88329,0.83327,1.0,11270,10915
45,1,rhubarb,Is the item a fruit or vegetable?,Yes.,0.29421,0.42029,0.0,0.10149,0.14499,0.0,12896,15010
45,2,rhubarb,Is the item a fruit?,No.,0.63359,0.90514,0.0,0.99336,0.99052,1.0,10425,15046
45,3,rhubarb,Is the item a vegetable?,Yes.,0.88852,0.94788,0.75,0.81588,0.73697,1.0,13365,14328
45,4,rhubarb,Is the item a leafy vegetable?,No.,0.47023,0.56461,0.25,0.99569,0.99384,1.0,11671,9989
45,5,rhubarb,Is the item a root vegetable?,No.,0.88229,0.83184,1.0,0.99517,0.99311,1.0,17077,12509
45,6,rhubarb,Is the item a vegetable that grows above the ground?,Yes.,0.50064,0.7152,0.0,0.67168,0.74526,0.5,16227,16165
45,7,rhubarb,Is the item red or orange in color?,No.,0.76943,0.67062,1.0,0.66675,0.9525,0.0,16352,21738
45,8,rhubarb,Is the item green in color?,No.,0.58098,0.82997,0.0,0.84421,0.99173,0.5,15347,13045
45,9,rhubarb,Is the item yellow in color?,No.,0.76628,0.77326,0.75,0.91851,0.99072,0.75,16588,19081
45,10,rhubarb,Is the item a purple or violet color?,No.,0.54878,0.78397,0.0,0.99343,0.99062,1.0,14347,15512
45,11,rhubarb,Is the item brown in color?,No.,0.54442,0.77775,0.0,0.99047,0.98639,1.0,14847,19019
45,12,rhubarb,Is the item white in color?,No.,0.62273,0.78247,0.25,0.98806,0.98294,1.0,19905,16061
45,13,rhubarb,Is the item black in color?,No.,0.51742,0.73917,0.0,0.81642,0.95204,0.5,14268,17099
45,14,rhubarb,Is the item a vegetable that is commonly yellowish-green in color?,No.,0.45585,0.65121,0.0,0.86367,0.80525,1.0,15477,13364
45,15,rhubarb,Is the item a vegetable that is commonly purple in color?,No.,0.46808,0.66869,0.0,0.62761,0.89658,0.0,17367,12598
45,16,rhubarb,"I apologize, but I am unable to determine the item based on the information provided. Could you please let me know the name of the vegetable?",Yes! That's correct. The item assigned to me is rhubarb.,0.51488,0.52126,0.5,0.78059,0.68656,1.0,17635,17824
46,0,tangerine,Is the item you are thinking of a fruit?,Yes.,0.72143,0.70919,0.75,0.62823,0.79033,0.25,15668,8866
46,1,tangerine,Is the fruit you are thinking of yellow?,No.,0.21429,0.30613,0.0,0.72579,0.82256,0.5,17140,11443
46,2,tangerine,Is the fruit you are thinking of round in shape?,Yes.,0.55954,0.37078,1.0,0.27127,0.17325,0.5,11523,10784
46,3,tangerine,Is the fruit you are thinking of commonly eaten fresh?,Yes.,0.64203,0.48861,1.0,0.77237,0.67481,1.0,12332,11503
46,4,tangerine,Is the fruit you are thinking of smaller than an orange?,Yes.,0.74632,0.63761,1.0,0.72759,0.82513,0.5,13319,16286
46,5,tangerine,Is the fruit you are thinking of a banana?,No.,0.83845,0.76922,1.0,0.69592,0.99417,0.0,12932,12937
46,6,tangerine,Is the fruit you are thinking of a tangerine?,Yes! That's correct.,0.83916,0.77023,1.0,0.99606,0.99438,1.0,15414,12464
47,0,nectarine,Is the item a type of fruit?,Yes.,0.34026,0.2718,0.5,0.27773,0.39676,0.0,11251,10928
47,1,nectarine,Is the item a type of citrus fruit?,No.,0.39348,0.24069,0.75,0.96839,0.95484,1.0,10922,8421
47,2,nectarine,Is the item a type of stone fruit?,Yes.,0.59605,0.42293,1.0,0.87945,0.82779,1.0,10882,13024
47,3,nectarine,Is the item typically red or orange in color?,Yes.,0.55522,0.3646,1.0,0.76647,0.66639,1.0,14689,13607
47,4,nectarine,"Is the item typically smaller in size, like a cherry or plum?",No.,0.38643,0.33776,0.5,0.56716,0.81023,0.0,18173,12630
47,5,nectarine,"Is the item typically larger in size, like a peach or nectarine?",Yes.,0.60847,0.86925,0.0,0.90793,0.86847,1.0,14537,12841
47,6,nectarine,Is the item a nectarine?,Yes! That's correct.,0.83358,0.76225,1.0,0.99506,0.99295,1.0,14769,14041
48,0,crow,Is the item you have a vegetable?,No.,0.02681,0.03829,0.0,0.58317,0.8331,0.0,20908,11117
48,1,crow,Is the item you have a bird?,Yes.,0.61591,0.77273,0.25,0.32657,0.03796,1.0,12607,9771
48,2,crow,Is the item you have a type of songbird?,No.,0.12228,0.17469,0.0,0.51411,0.73444,0.0,14905,9376
48,3,crow,Is the item you have a type of bird of prey?,No.,0.34902,0.4986,0.0,0.99421,0.99173,1.0,17662,11722
48,4,crow,Is the item you have a type of scavenger bird?,Yes.,0.74485,0.6355,1.0,0.54604,0.78005,0.0,15428,16282
48,5,crow,Is the item you have a type of crow?,Yes! That's correct.,0.79077,0.7011,1.0,0.99398,0.9914,1.0,17943,14815
49,0,blackbird,Is the item you're thinking of an animal?,Yes.,0.39274,0.56106,0.0,0.33618,0.15883,0.75,20558,10236
49,1,blackbird,Does the item you're thinking of have wings?,Yes.,0.46929,0.24184,1.0,0.91212,0.87445,1.0,13163,10515
49,2,blackbird,Is the item you're thinking of a bird?,Yes.,0.85888,0.7984,1.0,0.90541,0.86487,1.0,12351,12855
49,3,blackbird,Is the item you're thinking of a blackbird?,Yes! That's correct.,0.58153,0.61647,0.5,0.99643,0.9949,1.0,15612,12792
50,0,parakeet,Is your item an animal?,Yes.,0.50459,0.39942,0.75,0.74259,0.63227,1.0,12123,10776
50,1,parakeet,Is your item a bird?,Yes.,0.77208,0.6744,1.0,0.96763,0.95376,1.0,12761,11172
50,2,parakeet,Does your item have feathers?,Yes.,0.20994,0.08563,0.5,0.99653,0.99505,1.0,13735,11318
50,3,parakeet,Does your item make a distinct sound in the morning?,Yes.,0.39694,0.35277,0.5,0.7552,0.65029,1.0,14591,16030
50,4,parakeet,Is your item a rooster?,No.,0.8289,0.75558,1.0,0.69566,0.9938,0.0,15580,12603
50,5,parakeet,Is your item a duck?,No.,0.69474,0.99249,0.0,0.65044,0.9292,0.0,14021,18611
50,6,parakeet,Is your item a parakeet?,Yes! That's correct.,0.71227,0.91038,0.25,0.99546,0.99352,1.0,26601,18399
51,0,potato,Is the item you have an animal?,No.,0.69749,0.56784,1.0,0.55562,0.79375,0.0,12625,8276
51,1,potato,Is the item you have a plant?,Yes.,0.56064,0.58663,0.5,0.12179,0.17399,0.0,10590,7944
51,2,potato,Is the item you have a type of flowering plant?,No.,0.30685,0.33121,0.25,0.96806,0.95438,1.0,13269,16331
51,3,potato,Is the item you have a type of vegetable?,Yes.,0.50596,0.72279,0.0,0.77127,0.99468,0.25,12463,11825
51,4,potato,Is the item you have a root vegetable?,Yes.,0.48764,0.69663,0.0,0.93732,0.91046,1.0,19418,12422
51,5,potato,Is the item you have commonly used as a base ingredient for soups or stews?,Yes.,0.6664,0.52343,1.0,0.83769,0.76813,1.0,19642,17738
51,6,potato,Is the item you have a potato?,Yes! That's correct.,0.798,0.71142,1.0,0.99568,0.99382,1.0,17710,17957
52,0,corn,Is your item a living creature?,No.,0.45187,0.21695,1.0,0.85567,0.79381,1.0,17484,12263
52,1,corn,Is your item a vegetable?,Yes.,0.3269,0.467,0.0,0.19574,0.27964,0.0,12656,11034
52,2,corn,Is your item a green vegetable?,No.,0.51605,0.73721,0.0,0.7658,0.87971,0.5,14755,12276
52,3,corn,Is your item a red vegetable?,No.,0.71558,0.59368,1.0,0.99596,0.99423,1.0,15155,15020
52,4,corn,Is your item a yellow vegetable?,Yes.,0.62445,0.89207,0.0,0.85045,0.78636,1.0,11230,14024
52,5,corn,Is your item a corn?,Yes! That's correct.,0.90237,0.86052,1.0,0.9966,0.99514,1.0,10835,12430
53,0,avocado,Is the chosen item a bird?,No.,0.36429,0.30613,0.5,0.85575,0.79394,1.0,20790,9537
53,1,avocado,Is the chosen item a vegetable?,No.,0.54297,0.77567,0.0,0.93998,0.91426,1.0,13044,10843
53,2,avocado,Is the chosen item a fruit?,Yes.,0.91455,0.87793,1.0,0.50713,0.72447,0.0,12466,10684
53,3,avocado,Is the chosen item typically green?,Yes.,0.6196,0.45657,1.0,0.84645,0.99493,0.5,10690,12433
53,4,avocado,Is the chosen item an avocado?,Yes! That's correct.,0.8874,0.83914,1.0,0.99619,0.99456,1.0,14638,12340
54,0,cape,Is your item a piece of clothing?,Yes.,0.56841,0.70487,0.25,0.52174,0.31677,1.0,17122,10751
54,1,cape,Is your item worn on the upper body?,No.,0.63036,0.90052,0.0,0.26167,0.37381,0.0,13477,10436
54,2,cape,Is your item typically worn on the lower body?,No.,0.54086,0.77266,0.0,0.69513,0.99305,0.0,12443,11316
54,3,cape,Is your item an accessory such as jewelry or a bag?,Yes.,0.31779,0.45399,0.0,0.56555,0.59364,0.5,12589,12225
54,4,cape,Is your item typically worn on the wrist?,No.,0.54097,0.55853,0.5,0.66181,0.94544,0.0,12948,11442
54,5,cape,Is your item typically worn around the neck?,No.,0.68449,0.8707,0.25,0.65138,0.93055,0.0,15592,13272
54,6,cape,Is your item typically used to carry belongings?,No.,0.54301,0.77572,0.0,0.64909,0.92727,0.0,14668,16764
54,7,cape,Is your item typically worn on the head?,No.,0.60431,0.86329,0.0,0.69511,0.88587,0.25,14381,13789
54,8,cape,Is your item typically worn on the fingers?,No.,0.54713,0.78161,0.0,0.69423,0.99176,0.0,17899,18163
54,9,cape,Is your item typically worn on the feet or legs?,No.,0.84952,0.78502,1.0,0.82963,0.86375,0.75,15744,15335
54,10,cape,Is your item typically worn around the waist?,No.,0.54329,0.77613,0.0,0.95672,0.93817,1.0,14576,20213
54,11,cape,Is your item typically worn over the shoulder?,Yes.,0.8271,0.753,1.0,0.5434,0.77628,0.0,20649,15676
54,12,cape,Is your item a cape?,Yes! That's correct.,0.86685,0.80978,1.0,0.98167,0.97382,1.0,13618,11868
55,0,cape,Is the item you have in mind a piece of clothing?,Yes.,0.30769,0.01099,1.0,0.52175,0.31679,1.0,14581,10908
55,1,cape,Is the item you have in mind worn on the upper body?,No.,0.7076,0.79656,0.5,0.23538,0.33626,0.0,10528,10688
55,2,cape,Is the item you have in mind worn on the lower body?,No.,0.65761,0.93944,0.0,0.84555,0.99364,0.5,15424,10752
55,3,cape,Is the item you have in mind typically worn on the feet?,No.,0.51726,0.73894,0.0,0.99601,0.99429,1.0,17146,12076
55,4,cape,Is the item you have in mind typically worn on the head?,No.,0.52563,0.75089,0.0,0.96759,0.95371,1.0,16001,13031
55,5,cape,Is the item you have in mind typically worn around the waist?,No.,0.84297,0.77567,1.0,0.942,0.91715,1.0,15000,11180
55,6,cape,Does the item you have in mind typically cover a specific body part?,Yes.,0.54477,0.77825,0.0,0.88074,0.82963,1.0,13136,13881
55,7,cape,Is the item you have in mind typically worn on the hands?,No.,0.53726,0.76751,0.0,0.66579,0.95113,0.0,16915,17314
55,8,cape,Is the item you have in mind typically worn on the neck?,No.,0.54959,0.78513,0.0,0.99455,0.99221,1.0,14771,12207
55,9,cape,Is the item you have in mind typically worn on the feet?,No.,0.8462,0.78029,1.0,0.90331,0.86187,1.0,17116,18163
55,10,cape,Is the item you have in mind typically worn on the shoulders or back?,Yes.,0.51403,0.73433,0.0,0.82897,0.75567,1.0,14355,13228
55,11,cape,Is the item you have in mind a cape?,Yes! That's correct.,0.91807,0.88295,1.0,0.98104,0.97292,1.0,13584,13021
56,0,trousers,Is the item you have an explosive device?,No.,0.16056,0.01509,0.5,0.88327,0.83325,1.0,12333,8637
56,1,trousers,Is the item you have a piece of clothing?,Yes.,0.852,0.78857,1.0,0.58425,0.40607,1.0,10628,10980
56,2,trousers,Is the item you have worn on the upper body?,No.,0.75224,0.86034,0.5,0.84622,0.9946,0.5,15051,612926
56,3,trousers,Is the item you have worn on the lower body?,Yes.,0.95738,0.93912,1.0,0.90921,0.87029,1.0,15873,11046
56,4,trousers,Is the item you have typically worn by men?,Yes.,0.51419,0.52028,0.5,0.80571,0.72244,1.0,12718,11909
56,5,trousers,Is the item you have a type of trousers?,Yes! That's correct.,0.80738,0.72483,1.0,0.93876,0.91252,1.0,19733,14162
57,0,grenade,Is the item you have something you wear?,No.,0.70992,0.5856,1.0,0.88471,0.8353,1.0,13977,9204
57,1,grenade,Is the item you have a type of weapon?,Yes.,0.37475,0.53535,0.0,0.30195,0.21707,0.5,15325,11697
57,2,grenade,Is the item you have a projectile weapon?,Yes.,0.5402,0.34314,1.0,0.65296,0.50423,1.0,13382,10729
57,3,grenade,Is the item you have typically used for long-range attacks?,No.,0.51169,0.5167,0.5,0.69626,0.99465,0.0,15652,11023
57,4,grenade,Is the item you have typically used for close-range attacks?,Yes.,0.89123,0.84461,1.0,0.69612,0.99446,0.0,14392,10383
57,5,grenade,Is the item you have a bladed weapon?,No.,0.8258,0.75115,1.0,0.99607,0.99438,1.0,12487,14302
57,6,grenade,Is the item you have a blunt weapon?,No.,0.84561,0.77945,1.0,0.69554,0.99363,0.0,14550,13869
57,7,grenade,Is the item you have an explosive weapon?,Yes.,0.54634,0.78048,0.0,0.63779,0.91113,0.0,17422,12632
57,8,grenade,Is the item you have a handheld explosive weapon?,Yes.,0.84243,0.77491,1.0,0.93753,0.91075,1.0,15280,15547
57,9,grenade,Is the item you have typically thrown or launched at a target?,Yes.,0.5492,0.78457,0.0,0.87891,0.82701,1.0,13884,13802
57,10,grenade,Is the item you have a grenade?,Yes! That's correct.,0.88102,0.83004,1.0,0.99352,0.99075,1.0,15411,12397
58,0,spear,Is the item you have made of fabric?,No.,0.50528,0.29325,1.0,0.6121,0.87443,0.0,12315,11106
58,1,spear,Is the item you have a weapon?,Yes.,0.59424,0.84891,0.0,0.58011,0.61444,0.5,13241,9792
58,2,spear,Is the item you have a long-range weapon?,Yes.,0.33774,0.48249,0.0,0.50406,0.5058,0.5,13030,15326
58,3,spear,Is the item you have used for throwing projectiles?,Yes.,0.79036,0.70052,1.0,0.96651,0.95216,1.0,11729,14277
58,4,spear,Is the item you have a catapult?,No.,0.54758,0.78226,0.0,0.8149,0.94985,0.5,16069,12378
58,5,spear,Is the item you have a cannon?,No.,0.84945,0.78493,1.0,0.77143,0.9949,0.25,13004,13037
58,6,spear,Is the item you have a spear?,Yes! That's correct.,0.96684,0.95264,1.0,0.99624,0.99463,1.0,15655,15666
59,0,missile,Is the item you have assigned to the user something that can be worn?,No.,0.45966,0.54951,0.25,0.85633,0.79476,1.0,20290,9638
59,1,missile,Is the item you have assigned to the user something that can explode or cause damage?,Yes.,0.38391,0.54845,0.0,0.46415,0.2345,1.0,14159,10487
59,2,missile,Is the item you have assigned to the user something that is typically used for military purposes?,Yes.,0.20503,0.2929,0.0,0.90685,0.86693,1.0,16593,16224
59,3,missile,Is the item you have assigned to the user a missile or a rocket?,Yes! That's correct.,0.82537,0.75053,1.0,0.90194,0.85992,1.0,15628,11192
60,0,swimsuit,Is your item a type of clothing?,Yes.,0.36153,0.30218,0.5,0.74281,0.63258,1.0,20391,9354
60,1,swimsuit,Is your item worn on the upper body?,No.,0.68523,0.76462,0.5,0.25822,0.36888,0.0,12608,11591
60,2,swimsuit,Is your item worn on the lower body?,Yes.,0.77075,0.99394,0.25,0.62319,0.4617,1.0,12159,11437
60,3,swimsuit,Is your item typically worn in colder weather?,No.,0.47091,0.3513,0.75,0.9117,0.87386,1.0,10952,12581
60,4,swimsuit,Is your item typically worn in warmer weather?,Yes.,0.6157,0.66528,0.5,0.67249,0.74641,0.5,23635,13603
60,5,swimsuit,Is your item typically worn at the beach or in a swimming pool?,Yes.,0.24096,0.23709,0.25,0.85038,0.78626,1.0,20158,12750
60,6,swimsuit,Is your item a swimsuit?,Yes! That's correct.,0.81431,0.84188,0.75,0.99536,0.99337,1.0,15963,16516
61,0,trousers,Is your item a clothing item?,Yes.,0.41331,0.16187,1.0,0.8529,0.78986,1.0,29323,10053
61,1,trousers,Is your item worn on the upper body?,No.,0.64953,0.71361,0.5,0.46092,0.22988,1.0,11941,10846
61,2,trousers,Is your item worn on the lower body?,Yes.,0.7707,0.99386,0.25,0.84645,0.99493,0.5,12682,10622
61,3,trousers,"Is your item usually made of a single material, like fabric or denim?",Yes.,0.59462,0.42089,1.0,0.7017,0.57385,1.0,17277,11043
61,4,trousers,Is your item typically long in length?,Yes.,0.32208,0.46012,0.0,0.6855,0.76499,0.5,12184,17594
61,5,trousers,Is your item specifically designed for formal occasions?,No.,0.56131,0.58758,0.5,0.75957,0.87081,0.5,13165,13502
61,6,trousers,Is your item typically worn by women?,No.,0.42386,0.60551,0.0,0.696,0.99428,0.0,14552,15726
61,7,trousers,Is your item typically worn by both adults and children?,Yes.,0.49589,0.70841,0.0,0.88091,0.82987,1.0,14540,13669
61,8,trousers,Is your item typically worn during colder seasons?,No.,0.53984,0.7712,0.0,0.60653,0.86647,0.0,20964,15104
61,9,trousers,Is your item typically worn as part of a uniform?,"Sometimes, but not necessarily.",0.54323,0.77605,0.0,0.50739,0.72484,0.0,15259,19881
61,10,trousers,Is your item typically worn as casual wear?,Yes.,0.5471,0.78157,0.0,0.54903,0.78433,0.0,14958,17310
61,11,trousers,Is your item typically made of a thin and lightweight material?,No.,0.50582,0.72259,0.0,0.77836,0.79052,0.75,19355,18997
61,12,trousers,Is your item typically made of a thicker and heavier material?,Yes.,0.51878,0.74111,0.0,0.83397,0.76281,1.0,21777,19674
61,13,trousers,Is your item typically worn on the legs and covers them fully?,Yes.,0.51973,0.74248,0.0,0.83483,0.76404,1.0,20471,19047
61,14,trousers,Is your item usually made of denim?,Yes.,0.82706,0.75295,1.0,0.66691,0.73844,0.5,22442,20470
61,15,trousers,"Is your item typically referred to as ""jeans""?",Yes! That's correct.,0.81685,0.73836,1.0,0.66379,0.94827,0.0,17607,18144
62,0,socks,Is your item something you wear?,Yes.,0.3161,0.02299,1.0,0.54995,0.35707,1.0,12197,12762
62,1,socks,Is your item something worn on the upper body?,No.,0.09088,0.12983,0.0,0.64004,0.91435,0.0,14399,13820
62,2,socks,Is your item something worn on the lower body?,No.,0.66197,0.94567,0.0,0.77743,0.68204,1.0,11138,13119
62,3,socks,Is your item an accessory?,No.,0.4548,0.64972,0.0,0.99544,0.99348,1.0,10838,9158
62,4,socks,Is your item a type of footwear?,Yes.,0.51524,0.62891,0.25,0.60592,0.65132,0.5,23629,11779
62,5,socks,Is your item specifically designed for sports or athletic activities?,No.,0.41063,0.58661,0.0,0.69577,0.99396,0.0,11587,10486
62,6,socks,Is your item meant to be worn indoors?,No.,0.81517,0.73595,1.0,0.60179,0.8597,0.0,23817,14356
62,7,socks,Is your item typically worn by men?,No.,0.58935,0.73478,0.25,0.99487,0.99268,1.0,21552,15086
62,8,socks,Is your item a type of sock?,Yes! That's correct.,0.67816,0.75452,0.5,0.92036,0.99337,0.75,23269,12217
63,0,apple,Is the item you have a fruit?,Yes.,0.33352,0.47646,0.0,0.44369,0.63385,0.0,15495,8662
63,1,apple,Is the fruit you have red?,Yes.,0.3615,0.08786,1.0,0.41982,0.27831,0.75,13349,10654
63,2,apple,Is the fruit you have small and round?,Yes.,0.30116,0.43023,0.0,0.81418,0.94883,0.5,9694,9814
63,3,apple,Is the fruit you have commonly used in pies and desserts?,Yes.,0.45449,0.32784,0.75,0.79499,0.70713,1.0,13799,10566
63,4,apple,Is the fruit you have a cranberry?,No.,0.72485,0.60692,1.0,0.69654,0.99506,0.0,12846,8662
63,5,apple,Is the fruit you have commonly eaten raw?,Yes.,0.82985,0.75693,1.0,0.81494,0.73563,1.0,14359,11154
63,6,apple,Is the fruit you have an apple?,Yes! That's correct.,0.90805,0.86865,1.0,0.9962,0.99457,1.0,11577,11341
64,0,cherry,Is the item you have edible?,Yes.,0.24425,0.13464,0.5,0.74413,0.63447,1.0,15122,13215
64,1,cherry,Is the item you have round in shape?,Yes.,0.1689,0.13414,0.25,0.80582,0.72259,1.0,12027,9744
64,2,cherry,Is the item you have a fruit?,Yes.,0.68228,0.54612,1.0,0.96335,0.94765,1.0,10060,12814
64,3,cherry,Is the item you have typically red in color?,Yes.,0.51831,0.74044,0.0,0.87187,0.81695,1.0,10426,13474
64,4,cherry,Is the item you have a cranberry?,No.,0.74431,0.63473,1.0,0.71321,0.80459,0.5,11340,11516
64,5,cherry,Is the item you have a cherry?,Yes! That's correct.,0.9106,0.87228,1.0,0.8461,0.99443,0.5,11012,11529
65,0,coconut,Is the item you have edible?,Yes.,0.26471,0.37815,0.0,0.41131,0.15901,1.0,11119,7604
65,1,coconut,Is the item you have a fruit?,Yes.,0.6969,0.67415,0.75,0.91187,0.87411,1.0,14143,9644
65,2,coconut,Is the item you have small and round?,No.,0.2051,0.07872,0.5,0.6958,0.994,0.0,11519,9740
65,3,coconut,Is the item you have typically worn on the body?,No.,0.40614,0.36592,0.5,0.69614,0.99448,0.0,11199,8986
65,4,coconut,Is the item you have typically used to hold something together?,No.,0.31528,0.4504,0.0,0.92098,0.99426,0.75,14999,12701
65,5,coconut,Is the item you have typically worn on the hands?,No.,0.42895,0.50565,0.25,0.69545,0.9935,0.0,16703,12169
65,6,coconut,Is the item you have typically worn around the neck?,No.,0.55443,0.68491,0.25,0.96099,0.94427,1.0,12716,14070
65,7,coconut,Is the item you have typically worn on the head?,No.,0.66537,0.73624,0.5,0.99481,0.99259,1.0,13585,18020
65,8,coconut,"Based on your responses, the item you have is a skirt.","No, that's not correct.",0.65518,0.5074,1.0,0.55174,0.7882,0.0,20613,20911
65,9,coconut,I apologize for the incorrect guess. Could you please provide me with another hint or clarification that could help me narrow down the item you have?,Certainly! Here's another hint: The item I have is typically brown and has a hard outer shell.,0.69752,0.78218,0.5,0.7784,0.68343,1.0,14637,16367
65,10,coconut,"Thank you for the additional hint. Based on that, the item you have is most likely a coconut. Is that correct?",Yes! That's correct. Well done! The item I have is indeed a coconut.,0.82156,0.74508,1.0,0.66385,0.73407,0.5,13057,17247
66,0,socks,Is the item you have in mind a type of footwear?,Yes.,0.17952,0.04217,0.5,0.1113,0.159,0.0,21047,7851
66,1,socks,Is the item you have in mind boots?,No.,0.73194,0.61706,1.0,0.69623,0.99461,0.0,11092,7603
66,2,socks,Is the item you have in mind socks?,Yes! That's correct.,0.79177,0.70253,1.0,0.89922,0.85603,1.0,10637,9487
67,0,blouse,Is the item you have an edible vegetable?,No.,0.35372,0.07675,1.0,0.85583,0.79404,1.0,10043,8278
67,1,blouse,Is the item you have a piece of clothing?,Yes.,0.44805,0.64007,0.0,0.66263,0.73233,0.5,9311,8309
67,2,blouse,Is the item you have worn on the lower part of the body?,No.,0.15636,0.22338,0.0,0.69603,0.99433,0.0,15904,10849
67,3,blouse,Is the item you have worn on the upper part of the body?,Yes.,0.69534,0.99335,0.0,0.8828,0.83257,1.0,11679,9915
67,4,blouse,Is the item you have a type of shirt?,Yes.,0.65375,0.82679,0.25,0.53887,0.76981,0.0,13111,11162
67,5,blouse,Is the item you have a women's blouse?,Yes! That's correct.,0.74949,0.64213,1.0,0.99598,0.99426,1.0,10663,11977
68,0,swimsuit,Is the item you're thinking of something you wear?,Yes.,0.45749,0.22499,1.0,0.51806,0.63294,0.25,8658,8607
68,1,swimsuit,Is the item you're thinking of worn on the upper part of the body?,No.,0.64447,0.49209,1.0,0.51023,0.7289,0.0,12026,10552
68,2,swimsuit,Is the item you're thinking of worn on the lower part of the body?,Yes.,0.66285,0.73265,0.5,0.90045,0.85779,1.0,12706,11201
68,3,swimsuit,Is the item you're thinking of typically worn by women?,No.,0.31302,0.34002,0.25,0.6962,0.99457,0.0,10256,10396
68,4,swimsuit,Is the item you're thinking of typically worn by men?,Yes.,0.81236,0.73194,1.0,0.72514,0.82162,0.5,13278,12284
68,5,swimsuit,Is the item you're thinking of a type of footwear?,No.,0.49094,0.70135,0.0,0.94783,0.92548,1.0,10106,13600
68,6,swimsuit,Is the item you're thinking of a type of bottoms or pants?,No.,0.53832,0.76903,0.0,0.63119,0.9017,0.0,14002,15155
68,7,swimsuit,Is the item you're thinking of a type of underwear or undergarment?,No.,0.55181,0.78831,0.0,0.78474,0.90678,0.5,11396,16495
68,8,swimsuit,Is the item you're thinking of a type of swimwear?,Yes! That's correct.,0.87666,0.82381,1.0,0.99475,0.99249,1.0,13709,12746
69,0,broccoli,Is the item you have edible?,Yes.,0.22104,0.10148,0.5,0.52187,0.31696,1.0,12283,7720
69,1,broccoli,Is the item you have a vegetable?,Yes.,0.80554,0.7222,1.0,0.88305,0.83293,1.0,12363,10624
69,2,broccoli,Is the item you have green in color?,Yes.,0.4441,0.63443,0.0,0.89353,0.95504,0.75,9311,10212
69,3,broccoli,Is the item you have usually eaten raw?,No.,0.33666,0.48094,0.0,0.45773,0.43961,0.5,13751,11004
69,4,broccoli,Is the item you have usually cooked or boiled before eating?,Yes.,0.34673,0.49533,0.0,0.72639,0.82341,0.5,12483,9571
69,5,broccoli,Is the item you have a popular ingredient in soups and stews?,Yes.,0.30921,0.44173,0.0,0.93629,0.90899,1.0,11928,10863
69,6,broccoli,Is the item you have broccoli?,Yes! That's correct.,0.8459,0.77986,1.0,0.99602,0.99431,1.0,13328,11430
70,0,onions,Is the item you have edible?,Yes.,0.18304,0.26148,0.0,0.63281,0.47544,1.0,10018,7309
70,1,onions,Is the item a vegetable?,Yes.,0.42285,0.60407,0.0,0.81792,0.73989,1.0,9312,8347
70,2,onions,Is the item round and typically orange in color?,No.,0.12991,0.18559,0.0,0.69582,0.99403,0.0,10263,12727
70,3,onions,Is the item commonly used in salads or as a topping for pizzas?,Yes.,0.50688,0.29554,1.0,0.65262,0.71802,0.5,15238,12494
70,4,onions,Is the item typically green in color?,No.,0.35081,0.50116,0.0,0.81924,0.74177,1.0,13328,15167
70,5,onions,Is the item typically white or brown in color?,Yes.,0.47908,0.47012,0.5,0.74942,0.85632,0.5,14026,10105
70,6,onions,Is the item an onion?,Yes! That's correct.,0.86123,0.80175,1.0,0.99496,0.9928,1.0,14544,12241
71,0,cauliflower,Is the item you have in mind something that can be worn?,No.,0.51224,0.3032,1.0,0.61225,0.87465,0.0,11753,9671
71,1,cauliflower,Is the item you have in mind a food?,Yes.,0.69457,0.56366,1.0,0.24961,0.35658,0.0,11896,9702
71,2,cauliflower,Is the item you have in mind a vegetable?,Yes.,0.66392,0.73418,0.5,0.9087,0.86957,1.0,13294,11047
71,3,cauliflower,Is the item you have in mind a member of the Brassica family?,Yes.,0.24508,0.35012,0.0,0.62512,0.46446,1.0,8520,8928
71,4,cauliflower,Is the item you have in mind cauliflower?,Yes! That's correct.,0.87429,0.82041,1.0,0.99592,0.99417,1.0,11396,10005
72,0,spear,Is the item you have related to food?,No.,0.27239,0.28199,0.25,0.85583,0.79404,1.0,16366,11478
72,1,spear,Is the item you have a weapon?,Yes.,0.58854,0.84077,0.0,0.19785,0.06836,0.5,11123,9912
72,2,spear,Is the item you have a firearm?,No.,0.67404,0.53434,1.0,0.69589,0.99413,0.0,9055,8716
72,3,spear,Is the item you have a melee weapon?,Yes.,0.80359,0.71942,1.0,0.6942,0.77742,0.5,12989,9234
72,4,spear,Is the item you have a sharp object?,Yes.,0.51171,0.73102,0.0,0.95264,0.93234,1.0,12514,11014
72,5,spear,Is the item you have a stick?,No.,0.50205,0.71721,0.0,0.69582,0.99403,0.0,12275,9708
72,6,spear,Is the item you have a spear?,Yes! That's correct.,0.75911,0.87016,0.5,0.99565,0.99379,1.0,15067,13228
73,0,grenade,Is the item you have in mind a fruit?,No.,0.40994,0.37134,0.5,0.55615,0.79449,0.0,8019,8419
73,1,grenade,Is the item you have in mind a weapon?,Yes.,0.88575,0.83678,1.0,0.45407,0.43438,0.5,8988,10274
73,2,grenade,Is the item you have in mind typically handheld?,Yes.,0.58488,0.40698,1.0,0.58418,0.7274,0.25,8999,12037
73,3,grenade,Is the item you have in mind a firearm?,No.,0.59952,0.85646,0.0,0.81343,0.73346,1.0,11413,9826
73,4,grenade,Is the item you have in mind an explosive device?,Yes.,0.48548,0.69354,0.0,0.90836,0.86908,1.0,10421,10680
73,5,grenade,Is the item you have in mind commonly used for military purposes?,Yes.,0.78753,0.69647,1.0,0.61788,0.77554,0.25,10261,15560
73,6,grenade,Is the item you have in mind a grenade?,Yes! That's correct.,0.85208,0.78868,1.0,0.99517,0.99309,1.0,13060,13959
74,0,bomb,Is your item a fruit?,No.,0.22938,0.32768,0.0,0.6396,0.91371,0.0,15469,10291
74,1,bomb,Is your item a non-living object?,Yes.,0.48164,0.47376,0.5,0.66628,0.73754,0.5,10316,8918
74,2,bomb,Is your item typically found outdoors?,Yes.,0.25565,0.15093,0.5,0.67106,0.74437,0.5,11264,11043
74,3,bomb,Is your item commonly used for decorative purposes?,No.,0.2649,0.16415,0.5,0.71223,0.58891,1.0,10329,11671
74,4,bomb,Is your item made of natural materials?,No.,0.53967,0.55668,0.5,0.41899,0.59856,0.0,9542,11780
74,5,bomb,Is your item made of metal?,Yes.,0.62615,0.78735,0.25,0.58717,0.83882,0.0,13694,11716
74,6,bomb,Does your item have a sharp edge or point?,Yes.,0.46899,0.66998,0.0,0.90042,0.85774,1.0,15108,10885
74,7,bomb,Is your item a crossbow?,No.,0.89652,0.85217,1.0,0.93386,0.90551,1.0,10993,12731
74,8,bomb,Is your item a bomb?,Yes! That's correct.,0.73089,0.82985,0.5,0.99606,0.99438,1.0,13481,10380
76,0,rhubarb,Is the item you have an edible fruit?,No.,0.37876,0.54109,0.0,0.55626,0.79466,0.0,11852,10312
76,1,rhubarb,Is the item you have a tool or weapon?,No.,0.7619,0.65986,1.0,0.96855,0.95508,1.0,10412,9123
76,2,rhubarb,Is the item you have a living organism?,Yes.,0.63867,0.91239,0.0,0.25516,0.36451,0.0,10876,9617
76,3,rhubarb,Is the item you have a bird?,No.,0.25836,0.36909,0.0,0.99535,0.99336,1.0,9449,8814
76,4,rhubarb,Is the item you have a plant?,Yes.,0.95549,0.93641,1.0,0.8411,0.773,1.0,10221,10479
76,5,rhubarb,Is the item you have a perennial plant?,Yes.,0.42013,0.60018,0.0,0.75925,0.65607,1.0,12132,12728
76,6,rhubarb,Is the item you have used for culinary purposes?,Yes.,0.47165,0.67378,0.0,0.4689,0.66985,0.0,10794,11508
76,7,rhubarb,Is the item you have commonly used as a vegetable?,Yes.,0.80795,0.72564,1.0,0.87867,0.82667,1.0,15489,11514
76,8,rhubarb,Is the item you have rhubarb?,Yes! That's correct.,0.87706,0.82437,1.0,0.99492,0.99275,1.0,11381,11834
77,0,tomato,Is your item edible?,Yes.,0.22096,0.20851,0.25,0.22539,0.00056,0.75,9083,9009
77,1,tomato,Is your item a fruit?,Yes.,0.996,0.99429,1.0,0.66423,0.73461,0.5,8910,8878
77,2,tomato,Is your item typically red or orange in color when ripe?,Yes.,0.08917,0.12739,0.0,0.90537,0.86482,1.0,8690,9334
77,3,tomato,Is your item a tomato?,Yes! That's correct.,0.86264,0.91091,0.75,0.99631,0.99473,1.0,12984,11749
78,0,missile,Is your item a type of food?,No.,0.70571,0.79387,0.5,0.88324,0.8332,1.0,10292,8040
78,1,missile,Is your item a weapon?,Yes.,0.80128,0.71611,1.0,0.37085,0.42264,0.25,10644,8958
78,2,missile,Is your item a projectile weapon?,Yes.,0.74649,0.63785,1.0,0.99593,0.99419,1.0,11197,8479
78,3,missile,Is your item a long-range projectile weapon?,Yes.,0.34733,0.38905,0.25,0.96444,0.9492,1.0,10248,9438
78,4,missile,Is your item a missile?,Yes! That's correct.,0.54318,0.77597,0.0,0.99569,0.99384,1.0,9382,12187
79,0,rocket,Is your item a fruit or vegetable?,No.,0.2235,0.21214,0.25,0.61146,0.87351,0.0,11121,9341
79,1,rocket,Is your item a man-made object?,Yes.,0.57404,0.39149,1.0,0.47922,0.25603,1.0,11974,9037
79,2,rocket,Is your item used for transportation?,Yes.,0.54263,0.34661,1.0,0.77327,0.6761,1.0,10685,10948
79,3,rocket,Is your item capable of flying?,Yes.,0.22693,0.32419,0.0,0.93452,0.90646,1.0,11316,8969
79,4,rocket,Is your item a rocket?,Yes! That's correct.,0.90347,0.86211,1.0,0.99639,0.99484,1.0,12335,9286
80,0,axe,Is the item you have in mind an object?,Yes.,0.32709,0.0387,1.0,0.70274,0.78963,0.5,14493,7841
80,1,axe,Is the item you have in mind a weapon?,Yes.,0.36331,0.51901,0.0,0.69722,0.56745,1.0,8849,8673
80,2,axe,Is the item you have in mind a projectile weapon?,No.,0.41357,0.59082,0.0,0.69551,0.99358,0.0,9119,10034
80,3,axe,Is the item you have in mind a melee weapon?,Yes.,0.78192,0.68845,1.0,0.60206,0.75295,0.25,10110,10797
80,4,axe,Is the item you have in mind primarily used for cutting or chopping?,Yes.,0.74156,0.6308,1.0,0.69173,0.88104,0.25,12383,13576
80,5,axe,Is the item you have in mind made of metal?,Yes.,0.45198,0.64568,0.0,0.3003,0.429,0.0,14163,11549
80,6,axe,Is the item you have in mind an axe?,Yes! That's correct.,0.58157,0.83082,0.0,0.99618,0.99455,1.0,10315,12849
81,0,potato,Is your item an edible object?,Yes.,0.1438,0.09829,0.25,0.66027,0.51467,1.0,11417,9007
81,1,potato,Is your item a vegetable?,Yes.,0.54397,0.34853,1.0,0.50572,0.72245,0.0,11752,10115
81,2,potato,Is your item commonly used in cooking?,Yes.,0.07292,0.10417,0.0,0.99615,0.9945,1.0,12691,8957
81,3,potato,Is your item a root vegetable?,Yes.,0.60988,0.44269,1.0,0.9002,0.85743,1.0,8757,9126
81,4,potato,Is your item a turnip?,No.,0.46482,0.66403,0.0,0.66702,0.95289,0.0,11373,11719
81,5,potato,Is your item a radish?,No.,0.75509,0.86442,0.5,0.69474,0.99249,0.0,12639,13329
81,6,potato,Is your item a potato?,Yes! That's correct.,0.96374,0.9482,1.0,0.89666,0.85237,1.0,11573,10779
82,0,peas,Is the item a food?,Yes.,0.18242,0.2606,0.0,0.52206,0.31723,1.0,9626,8990
82,1,peas,Is the item a vegetable?,Yes.,0.66724,0.95321,0.0,0.51393,0.5199,0.5,12413,9853
82,2,peas,Is the item green when it is fresh?,Yes.,0.44573,0.31533,0.75,0.96349,0.94784,1.0,11961,9776
82,3,peas,Is the item round in shape?,No.,0.27138,0.28054,0.25,0.16658,0.23797,0.0,12321,12178
82,4,peas,Is the item a cabbage?,No.,0.76785,0.66836,1.0,0.77097,0.99424,0.25,19463,11691
82,5,peas,Is the item a cauliflower?,No.,0.83711,0.7673,1.0,0.69587,0.9941,0.0,14926,9726
82,6,peas,Is the item a pea?,Yes! That's correct.,0.90732,0.8676,1.0,0.9325,0.90357,1.0,13259,12738
83,0,mushroom,Is the item you have in mind a tool?,No.,0.00772,0.01103,0.0,0.44885,0.64121,0.0,21232,8895
83,1,mushroom,Is the item you have in mind edible?,Yes.,0.81715,0.73879,1.0,0.69466,0.5638,1.0,10201,9457
83,2,mushroom,Is the item you have in mind a vegetable?,No.,0.66311,0.9473,0.0,0.69596,0.99422,0.0,11451,10246
83,3,mushroom,Is the item you have in mind a type of fungi?,Yes.,0.75665,0.65236,1.0,0.827,0.86,0.75,14111,10071
83,4,mushroom,Is the item you have in mind commonly used in cooking?,Yes.,0.76948,0.67068,1.0,0.90289,0.86128,1.0,10513,11104
83,5,mushroom,Is the item you have in mind often used as a seasoning or flavor enhancer?,Yes.,0.54058,0.55798,0.5,0.93188,0.90269,1.0,12801,10652
83,6,mushroom,Is the item you have in mind commonly referred to as a mushroom?,Yes! That's correct.,0.84525,0.77893,1.0,0.99548,0.99355,1.0,12943,10753
84,0,lime,Is the item you have a type of fruit?,Yes.,0.82185,0.7455,1.0,0.37197,0.3171,0.5,12276,9462
84,1,lime,Is the item you have a type of citrus fruit?,Yes.,0.28316,0.40452,0.0,0.76622,0.66602,1.0,9197,9143
84,2,lime,Is the item you have yellow in color when it is ripe?,No.,0.28809,0.19727,0.5,0.8613,0.80185,1.0,14868,11106
84,3,lime,Is the item you have green in color when it is ripe?,Yes.,0.67348,0.74783,0.5,0.7272,0.82457,0.5,10960,15435
84,4,lime,Is the item you have typically sour in taste?,Yes.,0.60235,0.53908,0.75,0.85614,0.79449,1.0,11459,13041
84,5,lime,"Based on your answers, the item you have is a lime.",Yes! That's correct. Well done!,0.83605,0.76578,1.0,0.80036,0.71479,1.0,12477,17094
85,0,banana,Is the item a type of fruit?,Yes.,0.53308,0.54726,0.5,0.74335,0.63336,1.0,17312,9241
85,1,banana,Is the item a small fruit?,No.,0.33551,0.05073,1.0,0.37969,0.54241,0.0,8243,9084
85,2,banana,Is the item orange in color?,No.,0.46172,0.33817,0.75,0.69669,0.99527,0.0,12885,9347
85,3,banana,Is the item a type of berry?,No.,0.58074,0.5082,0.75,0.61234,0.87477,0.0,10023,10283
85,4,banana,Is the item commonly eaten raw?,Yes.,0.6978,0.56828,1.0,0.61499,0.66427,0.5,12058,9184
85,5,banana,Is the item typically yellow in color when ripe?,Yes.,0.74263,0.63232,1.0,0.84216,0.77452,1.0,13184,10962
85,6,banana,Is the item a banana?,Yes! That's correct.,0.8351,0.76443,1.0,0.99596,0.99423,1.0,10572,10510
86,0,coconut,Is the item you're thinking of a fruit?,Yes.,0.60016,0.64309,0.5,0.54999,0.35713,1.0,11905,7910
86,1,coconut,Is the item you're thinking of citrus?,No.,0.42695,0.39564,0.5,0.64025,0.91465,0.0,10160,9659
86,2,coconut,Is the item you're thinking of red or purple in color?,No.,0.34607,0.49439,0.0,0.84636,0.99479,0.5,13996,9106
86,3,coconut,Is the item you're thinking of round in shape?,Yes.,0.49741,0.60345,0.25,0.57775,0.39679,1.0,13769,12924
86,4,coconut,Is the item you're thinking of small in size?,No.,0.41578,0.59397,0.0,0.69657,0.99509,0.0,14036,10296
86,5,coconut,Is the item you're thinking of yellow in color?,Yes.,0.42039,0.60056,0.0,0.73075,0.82965,0.5,16857,11127
86,6,coconut,Is the item you're thinking of often used in cooking or baking?,Yes.,0.38212,0.54588,0.0,0.83932,0.77045,1.0,13482,16927
86,7,coconut,Is the item you're thinking of a lemon?,No.,0.82611,0.75158,1.0,0.69545,0.9935,0.0,13509,11299
86,8,coconut,Is the item you're thinking of a coconut?,Yes! That's correct.,0.70109,0.78727,0.5,0.99585,0.99407,1.0,14600,11664
87,0,carrot,Is the item a vegetable?,Yes.,0.09324,0.1332,0.0,0.63238,0.47483,1.0,14560,11425
87,1,carrot,Is the item green?,No.,0.61483,0.44976,1.0,0.50974,0.72821,0.0,12353,9273
87,2,carrot,Is the item orange?,Yes.,0.65592,0.72275,0.5,0.51496,0.52136,0.5,11455,10884
87,3,carrot,Is the item round in shape?,No.,0.37717,0.43167,0.25,0.84692,0.9956,0.5,9840,9357
87,4,carrot,Is the item a carrot?,Yes! That's correct.,0.80464,0.72091,1.0,0.88705,0.83865,1.0,13968,9134
88,0,pickle,Is the item you have in mind a fruit?,No.,0.21763,0.3109,0.0,0.50043,0.71491,0.0,12248,12225
88,1,pickle,Is the item you have in mind a vegetable?,Yes.,0.99593,0.99419,1.0,0.33421,0.47744,0.0,11617,10449
88,2,pickle,Is the item you have in mind a root vegetable?,No.,0.62866,0.46952,1.0,0.81762,0.95374,0.5,8511,11066
88,3,pickle,Is the item you have in mind a leafy vegetable?,No.,0.83276,0.76109,1.0,0.99541,0.99344,1.0,9410,7973
88,4,pickle,Is the item you have in mind a vegetable that grows on a vine?,No.,0.43487,0.62125,0.0,0.95272,0.93245,1.0,11420,9075
88,5,pickle,Is the item you have in mind a vegetable that grows above the ground?,Yes.,0.52471,0.74958,0.0,0.8218,0.74542,1.0,13991,10488
88,6,pickle,Is the item you have in mind green in color?,Yes.,0.51254,0.7322,0.0,0.67542,0.7506,0.5,14107,12553
88,7,pickle,Is the item you have in mind a zucchini?,No.,0.6294,0.68485,0.5,0.69518,0.99311,0.0,14254,12887
88,8,pickle,Is the item you have in mind a pickle?,Yes! That's correct.,0.57611,0.82301,0.0,0.99499,0.99284,1.0,13452,11221
89,0,onions,Is the item you have in mind a vegetable?,Yes.,0.2272,0.00314,0.75,0.63258,0.47511,1.0,19462,11188
89,1,onions,Is the item you have in mind a root vegetable?,Yes.,0.49343,0.27633,1.0,0.5645,0.48501,0.75,15124,8454
89,2,onions,Is the item you have in mind commonly used as a vegetable in cooking?,Yes.,0.20271,0.28958,0.0,0.96529,0.95041,1.0,9900,9206
89,3,onions,Is the item you have in mind known for its strong odor when cooked?,Yes.,0.14392,0.09845,0.25,0.90545,0.86493,1.0,11596,9037
89,4,onions,Is the item you have in mind onions?,Yes! That's correct.,0.76865,0.6695,1.0,0.996,0.99428,1.0,11753,10652
