0,0,"{'elk': 0.25, 'chicken': 0.0, 'robin': 0.0, 'starling': 0.0, 'fox': 0.25, 'partridge': 0.0, 'hamster': 0.25, 'buffalo': 0.25, 'resurrected_items_p': 0}",[],0
0,1,"{'elk': 0.25, 'chicken': 0.0, 'robin': 0.0, 'starling': 0.0, 'fox': 0.25, 'partridge': 0.0, 'hamster': 0.25, 'buffalo': 0.25, 'resurrected_items_p': 0}",[],0
0,2,"{'elk': 0.3333, 'chicken': 0.0, 'robin': 0.0, 'starling': 0.0, 'fox': 0.3333, 'partridge': 0.0, 'hamster': 0.0, 'buffalo': 0.3333, 'resurrected_items_p': 0}",[],0
0,3,"{'elk': 0.0, 'chicken': 0.0, 'robin': 0.0, 'fox': 0.2, 'partridge': 0.0, 'buffalo': 0.0, 'resurrected_items_p': 0.8}","['starling', 'hamster']",0.8
0,4,"{'robin': 0.0, 'starling': 0.0526, 'fox': 0.2632, 'partridge': 0.0, 'hamster': 0.0, 'resurrected_items_p': 0.6843}","['elk', 'chicken', 'buffalo']",0.6843
0,5,"{'elk': 0.0, 'chicken': 0.0, 'robin': 0.0, 'starling': 0.0, 'fox': 0.7143, 'hamster': 0.0, 'buffalo': 0.0, 'resurrected_items_p': 0.2857}",['partridge'],0.2857
1,0,"{'budgie': 0.125, 'zebra': 0.125, 'deer': 0.125, 'penguin': 0.125, 'pelican': 0.125, 'sheep': 0.125, 'fawn': 0.125, 'ostrich': 0.125, 'resurrected_items_p': 0}",[],0
1,1,"{'budgie': 0.0, 'zebra': 0.1667, 'deer': 0.1667, 'penguin': 0.1667, 'pelican': 0.0, 'sheep': 0.1667, 'fawn': 0.1667, 'ostrich': 0.1667, 'resurrected_items_p': 0}",[],0
1,2,"{'budgie': 0.0, 'zebra': 0.25, 'deer': 0.25, 'penguin': 0.0, 'pelican': 0.0, 'sheep': 0.25, 'fawn': 0.25, 'ostrich': 0.0, 'resurrected_items_p': 0}",[],0
1,3,"{'budgie': 0.0, 'zebra': 0.0, 'deer': 0.5, 'penguin': 0.0, 'pelican': 0.0, 'sheep': 0.0, 'fawn': 0.5, 'ostrich': 0.0, 'resurrected_items_p': 0}",[],0
2,0,"{'pelican': 0.0, 'bear': 0.25, 'zebra': 0.25, 'walrus': 0.25, 'vulture': 0.0, 'chickadee': 0.0, 'finch': 0.0, 'otter': 0.25, 'resurrected_items_p': 0}",[],0
2,1,"{'pelican': 0.0, 'bear': 0.25, 'zebra': 0.25, 'walrus': 0.25, 'vulture': 0.0, 'chickadee': 0.0, 'finch': 0.0, 'otter': 0.25, 'resurrected_items_p': 0}",[],0
2,2,"{'bear': 0.1667, 'zebra': 0.1667, 'walrus': 0.0, 'otter': 0.0, 'resurrected_items_p': 0.6668}","['pelican', 'vulture', 'chickadee', 'finch']",0.6668
2,3,"{'pelican': 0.0, 'bear': 0.25, 'zebra': 0.25, 'vulture': 0.0, 'chickadee': 0.0, 'finch': 0.0, 'resurrected_items_p': 0.5}","['walrus', 'otter']",0.5
2,4,"{'pelican': 0.0, 'bear': 0.25, 'zebra': 0.0, 'walrus': 0.0, 'finch': 0.0, 'otter': 0.25, 'resurrected_items_p': 0.5}","['vulture', 'chickadee']",0.5
2,5,"{'pelican': 0.0, 'bear': 0.3333, 'zebra': 0.0, 'vulture': 0.3333, 'chickadee': 0.0, 'finch': 0.0, 'otter': 0.0, 'resurrected_items_p': 0.3333}",['walrus'],0.3333
2,6,"{'bear': 0.0, 'walrus': 0.1429, 'vulture': 0.1429, 'resurrected_items_p': 0.7145}","['pelican', 'zebra', 'chickadee', 'finch', 'otter']",0.7145
2,7,"{'pelican': 0.1429, 'zebra': 0.1429, 'walrus': 0.0, 'vulture': 0.1429, 'chickadee': 0.1429, 'finch': 0.1429, 'otter': 0.1429, 'resurrected_items_p': 0.1429}",['bear'],0.1429
2,8,"{'pelican': 0.1429, 'bear': 0.1429, 'zebra': 0.1429, 'vulture': 0.1429, 'chickadee': 0.1429, 'finch': 0.1429, 'otter': 0.0, 'resurrected_items_p': 0.1429}",['walrus'],0.1429
2,9,"{'pelican': 0.1429, 'bear': 0.1429, 'zebra': 0.1429, 'walrus': 0.1429, 'vulture': 0.0, 'chickadee': 0.1429, 'finch': 0.1429, 'resurrected_items_p': 0.1429}",['otter'],0.1429
2,10,"{'pelican': 0.0, 'bear': 0.0, 'zebra': 1.0, 'walrus': 0.0, 'vulture': 0.0, 'chickadee': 0.0, 'finch': 0.0, 'otter': 0.0, 'resurrected_items_p': 0}",[],0
3,0,"{'peacock': 0.25, 'platypus': 0.0, 'budgie': 0.25, 'pig': 0.0, 'turkey': 0.25, 'beaver': 0.0, 'deer': 0.0, 'rooster': 0.25, 'resurrected_items_p': 0}",[],0
3,1,"{'peacock': 0.125, 'budgie': 0.125, 'turkey': 0.125, 'rooster': 0.125, 'resurrected_items_p': 0.5}","['platypus', 'pig', 'beaver', 'deer']",0.5
3,2,"{'peacock': 0.1724, 'platypus': 0.1724, 'budgie': 0.0, 'pig': 0.1379, 'turkey': 0.1724, 'beaver': 0.0, 'deer': 0.1724, 'rooster': 0.1724, 'resurrected_items_p': 0}",[],0
3,3,"{'peacock': 0.0, 'platypus': 0.0, 'budgie': 0.0, 'pig': 0.0, 'turkey': 0.0, 'beaver': 0.0, 'deer': 0.0, 'rooster': 1.0, 'resurrected_items_p': 0}",[],0
4,0,"{'falcon': 0.25, 'eagle': 0.25, 'fawn': 0.0, 'owl': 0.25, 'platypus': 0.0, 'beaver': 0.0, 'pigeon': 0.25, 'chimp': 0.0, 'resurrected_items_p': 0}",[],0
4,1,"{'falcon': 0.3333, 'eagle': 0.3333, 'fawn': 0.0, 'owl': 0.3333, 'platypus': 0.0, 'beaver': 0.0, 'pigeon': 0.0, 'chimp': 0.0, 'resurrected_items_p': 0}",[],0
4,2,"{'falcon': 0.1282, 'eagle': 0.1026, 'owl': 0.1282, 'resurrected_items_p': 0.641}","['fawn', 'platypus', 'beaver', 'pigeon', 'chimp']",0.641
4,3,"{'falcon': 0.0, 'eagle': 0.1429, 'fawn': 0.1429, 'owl': 0.1429, 'platypus': 0.1429, 'beaver': 0.1429, 'pigeon': 0.1429, 'chimp': 0.1429, 'resurrected_items_p': 0}",[],0
4,4,"{'falcon': 0.0, 'eagle': 0.0, 'fawn': 0.0, 'owl': 1.0, 'platypus': 0.0, 'beaver': 0.0, 'pigeon': 0.0, 'chimp': 0.0, 'resurrected_items_p': 0}",[],0
5,0,"{'fawn': 0.0, 'hamster': 0.0, 'falcon': 0.25, 'cheetah': 0.0, 'peacock': 0.25, 'owl': 0.25, 'parakeet': 0.25, 'giraffe': 0.0, 'resurrected_items_p': 0}",[],0
5,1,"{'falcon': 0.1429, 'peacock': 0.1429, 'owl': 0.1429, 'parakeet': 0.0, 'resurrected_items_p': 0.5716}","['fawn', 'hamster', 'cheetah', 'giraffe']",0.5716
5,2,"{'fawn': 0.1667, 'hamster': 0.1667, 'falcon': 0.1667, 'cheetah': 0.0, 'peacock': 0.1667, 'owl': 0.0, 'giraffe': 0.1667, 'resurrected_items_p': 0.1667}",['parakeet'],0.1667
5,3,"{'fawn': 0.0, 'hamster': 0.0, 'falcon': 1.0, 'cheetah': 0.0, 'peacock': 0.0, 'owl': 0.0, 'parakeet': 0.0, 'giraffe': 0.0, 'resurrected_items_p': 0}",[],0
6,1,"{'chipmunk': 0.5, 'leotards': 0.0, 'mittens': 0.0, 'bear': 0.0, 'hamster': 0.5, 'boots': 0.0, 'gown': 0.0, 'zebra': 0.0, 'resurrected_items_p': 0}",[],0
6,0,"{'chipmunk': 0.25, 'leotards': 0.0, 'mittens': 0.0, 'hamster': 0.25, 'boots': 0.0, 'gown': 0.0, 'resurrected_items_p': 0.5}","['bear', 'zebra']",0.5
6,1,"{'chipmunk': 0.5, 'leotards': 0.0, 'mittens': 0.0, 'bear': 0.0, 'hamster': 0.5, 'boots': 0.0, 'gown': 0.0, 'zebra': 0.0, 'resurrected_items_p': 0}",[],0
6,0,"{'chipmunk': 0.25, 'leotards': 0.0, 'mittens': 0.0, 'hamster': 0.25, 'boots': 0.0, 'gown': 0.0, 'resurrected_items_p': 0.5}","['bear', 'zebra']",0.5
6,1,"{'chipmunk': 0.5, 'leotards': 0.0, 'mittens': 0.0, 'bear': 0.0, 'hamster': 0.5, 'boots': 0.0, 'gown': 0.0, 'zebra': 0.0, 'resurrected_items_p': 0}",[],0
11,0,"{'walrus': 0.0, 'chimp': 0.0, 'belt': 0.25, 'donkey': 0.0, 'platypus': 0.0, 'pajamas': 0.25, 'tie': 0.25, 'blouse': 0.25, 'resurrected_items_p': 0}",[],0
11,1,"{'walrus': 0.0, 'chimp': 0.0, 'belt': 0.3125, 'donkey': 0.0, 'platypus': 0.0, 'pajamas': 0.0625, 'tie': 0.3125, 'blouse': 0.3125, 'resurrected_items_p': 0}",[],0
11,2,"{'walrus': 0.0, 'chimp': 0.0, 'belt': 0.1667, 'donkey': 0.0, 'platypus': 0.0, 'pajamas': 0.8333, 'tie': 0.0, 'blouse': 0.0, 'resurrected_items_p': 0}",[],0
11,3,"{'walrus': 0.0, 'chimp': 0.0, 'belt': 0.5, 'donkey': 0.0, 'platypus': 0.0, 'pajamas': 0.5, 'tie': 0.0, 'blouse': 0.0, 'resurrected_items_p': 0}",[],0
11,4,"{'walrus': 0.0, 'chimp': 0.0, 'belt': 0.0, 'donkey': 0.0, 'platypus': 0.0, 'pajamas': 1.0, 'tie': 0.0, 'blouse': 0.0, 'resurrected_items_p': 0}",[],0
11,5,"{'walrus': 0.0, 'chimp': 0.0, 'belt': 0.0, 'donkey': 0.0, 'platypus': 0.0, 'pajamas': 1.0, 'tie': 0.0, 'blouse': 0.0, 'resurrected_items_p': 0}",[],0
11,6,"{'walrus': 0.0, 'chimp': 0.0, 'donkey': 0.0, 'platypus': 0.0, 'pajamas': 0.0, 'tie': 0.0, 'blouse': 0.0, 'resurrected_items_p': 1.0}",['belt'],1.0
11,7,"{'walrus': 0.0, 'chimp': 0.0, 'belt': 0.1111, 'donkey': 0.0, 'tie': 0.0, 'resurrected_items_p': 0.8889}","['platypus', 'pajamas', 'blouse']",0.8889
11,8,"{'walrus': 0.0, 'chimp': 0.0, 'belt': 0.5556, 'donkey': 0.0, 'platypus': 0.4444, 'pajamas': 0.0, 'tie': 0.0, 'blouse': 0.0, 'resurrected_items_p': 0}",[],0
11,9,"{'walrus': 0.0, 'chimp': 0.0, 'belt': 1.0, 'donkey': 0.0, 'platypus': 0.0, 'pajamas': 0.0, 'tie': 0.0, 'blouse': 0.0, 'resurrected_items_p': 0}",[],0
12,0,"{'shotgun': 0.0, 'seal': 0.25, 'hamster': 0.25, 'chipmunk': 0.25, 'deer': 0.25, 'spear': 0.0, 'rocket': 0.0, 'tomahawk': 0.0, 'resurrected_items_p': 0}",[],0
12,1,"{'shotgun': 0.0, 'seal': 0.25, 'hamster': 0.25, 'chipmunk': 0.25, 'deer': 0.25, 'spear': 0.0, 'rocket': 0.0, 'tomahawk': 0.0, 'resurrected_items_p': 0}",[],0
12,2,"{'seal': 0.1429, 'hamster': 0.0, 'chipmunk': 0.1429, 'deer': 0.1429, 'resurrected_items_p': 0.5716}","['shotgun', 'spear', 'rocket', 'tomahawk']",0.5716
12,3,"{'shotgun': 0.1667, 'seal': 0.1667, 'hamster': 0.0, 'chipmunk': 0.0, 'deer': 0.1667, 'spear': 0.1667, 'rocket': 0.1667, 'tomahawk': 0.1667, 'resurrected_items_p': 0}",[],0
12,4,"{'shotgun': 0.1429, 'seal': 0.1429, 'deer': 0.0, 'spear': 0.1429, 'rocket': 0.1429, 'tomahawk': 0.1429, 'resurrected_items_p': 0.2858}","['hamster', 'chipmunk']",0.2858
12,5,"{'shotgun': 0.0, 'seal': 1.0, 'hamster': 0.0, 'chipmunk': 0.0, 'deer': 0.0, 'spear': 0.0, 'rocket': 0.0, 'tomahawk': 0.0, 'resurrected_items_p': 0}",[],0
13,0,"{'goat': 0.25, 'bear': 0.25, 'squirrel': 0.25, 'grenade': 0.0, 'whip': 0.0, 'zebra': 0.25, 'crowbar': 0.0, 'rocket': 0.0, 'resurrected_items_p': 0}",[],0
13,1,"{'goat': 0.3333, 'bear': 0.3333, 'squirrel': 0.3333, 'grenade': 0.0, 'whip': 0.0, 'zebra': 0.0, 'crowbar': 0.0, 'rocket': 0.0, 'resurrected_items_p': 0}",[],0
13,2,"{'goat': 0.2381, 'bear': 0.2381, 'squirrel': 0.2381, 'grenade': 0.0, 'whip': 0.0, 'rocket': 0.0, 'resurrected_items_p': 0.2857}","['zebra', 'crowbar']",0.2857
13,3,"{'goat': 0.25, 'bear': 0.25, 'squirrel': 0.25, 'grenade': 0.0, 'whip': 0.0, 'zebra': 0.25, 'crowbar': 0.0, 'rocket': 0.0, 'resurrected_items_p': 0}",[],0
13,4,"{'goat': 0.0, 'bear': 0.5, 'squirrel': 0.0, 'grenade': 0.0, 'whip': 0.0, 'zebra': 0.5, 'crowbar': 0.0, 'rocket': 0.0, 'resurrected_items_p': 0}",[],0
13,5,"{'bear': 0.2381, 'whip': 0.0, 'zebra': 0.0, 'rocket': 0.0, 'resurrected_items_p': 0.7619}","['goat', 'squirrel', 'grenade', 'crowbar']",0.7619
13,6,"{'goat': 0.0, 'bear': 1.0, 'squirrel': 0.0, 'grenade': 0.0, 'whip': 0.0, 'zebra': 0.0, 'crowbar': 0.0, 'rocket': 0.0, 'resurrected_items_p': 0}",[],0
13,7,"{'goat': 0.0, 'bear': 0.0, 'squirrel': 0.0, 'rocket': 0.0, 'resurrected_items_p': 1.0001}","['grenade', 'whip', 'zebra', 'crowbar']",1.0001
13,8,"{'goat': 0.0, 'squirrel': 0.0, 'grenade': 0.0, 'whip': 0.0, 'zebra': 0.0, 'crowbar': 0.0, 'rocket': 0.0, 'resurrected_items_p': 1.0}",['bear'],1.0
13,9,"{'goat': 0.0, 'bear': 1.0, 'squirrel': 0.0, 'grenade': 0.0, 'whip': 0.0, 'zebra': 0.0, 'crowbar': 0.0, 'rocket': 0.0, 'resurrected_items_p': 0}",[],0
14,0,"{'goat': 0.25, 'tomahawk': 0.0, 'sword': 0.0, 'seal': 0.25, 'walrus': 0.25, 'missile': 0.0, 'cougar': 0.25, 'revolver': 0.0, 'resurrected_items_p': 0}",[],0
14,1,"{'goat': 0.0, 'tomahawk': 0.0, 'sword': 0.0, 'seal': 0.5, 'walrus': 0.5, 'missile': 0.0, 'cougar': 0.0, 'revolver': 0.0, 'resurrected_items_p': 0}",[],0
14,2,"{'goat': 0.0, 'tomahawk': 0.0, 'sword': 0.0, 'seal': 0.5, 'walrus': 0.5, 'missile': 0.0, 'cougar': 0.0, 'revolver': 0.0, 'resurrected_items_p': 0}",[],0
14,3,"{'tomahawk': 0.0, 'sword': 0.0, 'seal': 0.3333, 'walrus': 0.3333, 'missile': 0.0, 'cougar': 0.0, 'revolver': 0.0, 'resurrected_items_p': 0.3333}",['goat'],0.3333
14,4,"{'goat': 0.0, 'tomahawk': 0.0, 'sword': 0.0, 'seal': 1.0, 'walrus': 0.0, 'missile': 0.0, 'cougar': 0.0, 'revolver': 0.0, 'resurrected_items_p': 0}",[],0
15,0,"{'deer': 0.0, 'missile': 0.25, 'stick': 0.25, 'buffalo': 0.0, 'sheep': 0.0, 'shotgun': 0.25, 'bomb': 0.25, 'cow': 0.0, 'resurrected_items_p': 0}",[],0
15,1,"{'deer': 0.0, 'missile': 0.3571, 'stick': 0.0, 'buffalo': 0.0, 'sheep': 0.0, 'shotgun': 0.2857, 'bomb': 0.3571, 'cow': 0.0, 'resurrected_items_p': 0}",[],0
15,2,"{'missile': 0.3571, 'shotgun': 0.0, 'bomb': 0.0, 'cow': 0.0, 'resurrected_items_p': 0.6428}","['deer', 'stick', 'buffalo', 'sheep']",0.6428
15,3,"{'deer': 0.0, 'missile': 0.2, 'stick': 0.2, 'buffalo': 0.2, 'sheep': 0.0, 'cow': 0.0, 'resurrected_items_p': 0.4}","['shotgun', 'bomb']",0.4
15,4,"{'deer': 0.0, 'missile': 0.2632, 'stick': 0.0, 'buffalo': 0.2105, 'sheep': 0.0, 'shotgun': 0.2632, 'bomb': 0.2632, 'cow': 0.0, 'resurrected_items_p': 0}",[],0
15,5,"{'deer': 0.0, 'missile': 0.5, 'stick': 0.0, 'buffalo': 0.0, 'sheep': 0.0, 'shotgun': 0.0, 'bomb': 0.5, 'cow': 0.0, 'resurrected_items_p': 0}",[],0
16,0,"{'goat': 0.0, 'spear': 0.25, 'deer': 0.0, 'pistol': 0.25, 'gorilla': 0.0, 'lion': 0.0, 'dagger': 0.25, 'shotgun': 0.25, 'resurrected_items_p': 0}",[],0
16,1,"{'goat': 0.0, 'spear': 0.25, 'deer': 0.0, 'pistol': 0.25, 'gorilla': 0.0, 'lion': 0.0, 'dagger': 0.25, 'shotgun': 0.25, 'resurrected_items_p': 0}",[],0
16,2,"{'goat': 0.0, 'spear': 0.0909, 'deer': 0.0, 'pistol': 0.4545, 'gorilla': 0.0, 'lion': 0.0, 'dagger': 0.4545, 'shotgun': 0.0, 'resurrected_items_p': 0}",[],0
16,3,"{'goat': 0.0, 'spear': 0.25, 'deer': 0.0, 'pistol': 0.25, 'gorilla': 0.0, 'lion': 0.0, 'dagger': 0.25, 'resurrected_items_p': 0.25}",['shotgun'],0.25
16,4,"{'spear': 0.125, 'pistol': 0.125, 'dagger': 0.125, 'shotgun': 0.125, 'resurrected_items_p': 0.5}","['goat', 'deer', 'gorilla', 'lion']",0.5
16,5,"{'goat': 0.125, 'spear': 0.125, 'deer': 0.125, 'pistol': 0.125, 'gorilla': 0.125, 'lion': 0.125, 'dagger': 0.125, 'shotgun': 0.125, 'resurrected_items_p': 0}",[],0
16,6,"{'goat': 0.0, 'spear': 1.0, 'deer': 0.0, 'pistol': 0.0, 'gorilla': 0.0, 'lion': 0.0, 'dagger': 0.0, 'shotgun': 0.0, 'resurrected_items_p': 0}",[],0
17,0,"{'harpoon': 0.25, 'stick': 0.25, 'buffalo': 0.0, 'cow': 0.0, 'walrus': 0.0, 'whip': 0.25, 'seal': 0.0, 'knife': 0.25, 'resurrected_items_p': 0}",[],0
17,1,"{'harpoon': 0.25, 'stick': 0.25, 'cow': 0.0, 'walrus': 0.0, 'whip': 0.0, 'seal': 0.0, 'knife': 0.25, 'resurrected_items_p': 0.25}",['buffalo'],0.25
17,2,"{'harpoon': 0.3125, 'stick': 0.3125, 'buffalo': 0.0, 'cow': 0.0, 'walrus': 0.0, 'whip': 0.0, 'knife': 0.0625, 'resurrected_items_p': 0.3125}",['seal'],0.3125
17,3,"{'harpoon': 0.2381, 'stick': 0.2381, 'buffalo': 0.0, 'cow': 0.0, 'walrus': 0.0, 'seal': 0.0476, 'knife': 0.2381, 'resurrected_items_p': 0.2381}",['whip'],0.2381
17,4,"{'harpoon': 0.125, 'stick': 0.125, 'whip': 0.125, 'seal': 0.125, 'knife': 0.125, 'resurrected_items_p': 0.375}","['buffalo', 'cow', 'walrus']",0.375
17,5,"{'harpoon': 0.125, 'stick': 0.125, 'buffalo': 0.125, 'cow': 0.125, 'walrus': 0.125, 'whip': 0.125, 'seal': 0.125, 'knife': 0.125, 'resurrected_items_p': 0}",[],0
17,6,"{'harpoon': 0.0, 'stick': 1.0, 'buffalo': 0.0, 'cow': 0.0, 'walrus': 0.0, 'whip': 0.0, 'seal': 0.0, 'knife': 0.0, 'resurrected_items_p': 0}",[],0
18,0,"{'hamster': 0.25, 'pumpkin': 0.0, 'porcupine': 0.25, 'strawberry': 0.0, 'grapefruit': 0.0, 'elephant': 0.25, 'caribou': 0.25, 'plum': 0.0, 'resurrected_items_p': 0}",[],0
18,1,"{'hamster': 0.25, 'pumpkin': 0.0, 'porcupine': 0.25, 'strawberry': 0.0, 'grapefruit': 0.0, 'elephant': 0.25, 'caribou': 0.25, 'plum': 0.0, 'resurrected_items_p': 0}",[],0
18,2,"{'hamster': 0.0, 'pumpkin': 0.0, 'porcupine': 0.0, 'strawberry': 0.0, 'grapefruit': 0.0, 'elephant': 1.0, 'caribou': 0.0, 'plum': 0.0, 'resurrected_items_p': 0}",[],0
18,3,"{'hamster': 0.0, 'elephant': 0.1429, 'resurrected_items_p': 0.8574}","['pumpkin', 'porcupine', 'strawberry', 'grapefruit', 'caribou', 'plum']",0.8574
18,4,"{'hamster': 0.0, 'pumpkin': 0.0, 'porcupine': 0.0, 'strawberry': 0.0, 'grapefruit': 0.4444, 'elephant': 0.5556, 'caribou': 0.0, 'plum': 0.0, 'resurrected_items_p': 0}",[],0
18,5,"{'strawberry': 0.0, 'grapefruit': 0.0, 'elephant': 0.25, 'plum': 0.0, 'resurrected_items_p': 0.75}","['hamster', 'pumpkin', 'porcupine', 'caribou']",0.75
18,6,"{'hamster': 0.1429, 'pumpkin': 0.1429, 'porcupine': 0.1429, 'elephant': 0.0, 'caribou': 0.1429, 'resurrected_items_p': 0.42869999999999997}","['strawberry', 'grapefruit', 'plum']",0.42869999999999997
18,7,"{'hamster': 0.0, 'pumpkin': 0.0, 'porcupine': 0.0, 'strawberry': 0.0, 'grapefruit': 0.0, 'elephant': 0.0, 'caribou': 1.0, 'plum': 0.0, 'resurrected_items_p': 0}",[],0
19,0,"{'whale': 0.25, 'honeydew': 0.0, 'banana': 0.0, 'sheep': 0.25, 'zebra': 0.25, 'cranberry': 0.0, 'otter': 0.25, 'tangerine': 0.0, 'resurrected_items_p': 0}",[],0
19,1,"{'whale': 0.0, 'sheep': 0.1852, 'zebra': 0.1852, 'otter': 0.0, 'resurrected_items_p': 0.6297}","['honeydew', 'banana', 'cranberry', 'tangerine']",0.6297
19,2,"{'honeydew': 0.0, 'banana': 0.0, 'sheep': 0.25, 'zebra': 0.25, 'cranberry': 0.0, 'tangerine': 0.0, 'resurrected_items_p': 0.5}","['whale', 'otter']",0.5
19,3,"{'whale': 0.3333, 'banana': 0.0, 'sheep': 0.0, 'zebra': 0.0, 'cranberry': 0.0, 'otter': 0.3333, 'tangerine': 0.0, 'resurrected_items_p': 0.3333}",['honeydew'],0.3333
19,4,"{'whale': 0.0, 'honeydew': 0.0, 'banana': 0.0, 'sheep': 0.0, 'cranberry': 0.0, 'otter': 0.0, 'tangerine': 0.0, 'resurrected_items_p': 1.0}",['zebra'],1.0
19,5,"{'honeydew': 0.0, 'banana': 0.0, 'zebra': 0.0, 'cranberry': 0.0, 'tangerine': 0.0, 'resurrected_items_p': 0.9999}","['whale', 'sheep', 'otter']",0.9999
19,6,"{'whale': 0.0, 'honeydew': 0.0, 'banana': 0.0, 'sheep': 0.0, 'cranberry': 0.0, 'otter': 0.0, 'tangerine': 0.0, 'resurrected_items_p': 1.0}",['zebra'],1.0
20,0,"{'coconut': 0.0, 'cherry': 0.0, 'beaver': 0.25, 'grapefruit': 0.0, 'tomato': 0.0, 'deer': 0.25, 'seal': 0.25, 'cow': 0.25, 'resurrected_items_p': 0}",[],0
20,1,"{'beaver': 0.0, 'deer': 0.2, 'seal': 0.0, 'cow': 0.2, 'resurrected_items_p': 0.6000000000000001}","['coconut', 'cherry', 'grapefruit', 'tomato']",0.6000000000000001
20,2,"{'coconut': 0.1667, 'cherry': 0.1667, 'beaver': 0.0, 'grapefruit': 0.1667, 'tomato': 0.1667, 'deer': 0.0, 'cow': 0.1667, 'resurrected_items_p': 0.1667}",['seal'],0.1667
20,3,"{'coconut': 0.0, 'cherry': 0.0, 'beaver': 0.0, 'grapefruit': 0.0, 'tomato': 0.0, 'deer': 0.0, 'seal': 0.0, 'cow': 1.0, 'resurrected_items_p': 0}",[],0
20,4,"{'coconut': 0.0, 'cherry': 0.0, 'grapefruit': 0.0, 'tomato': 0.0, 'seal': 0.0, 'cow': 0.3333, 'resurrected_items_p': 0.6666}","['beaver', 'deer']",0.6666
20,5,"{'coconut': 0.0, 'cherry': 0.0, 'beaver': 0.25, 'grapefruit': 0.0, 'tomato': 0.0, 'deer': 0.25, 'cow': 0.25, 'resurrected_items_p': 0.25}",['seal'],0.25
20,6,"{'coconut': 0.0, 'cherry': 0.0, 'beaver': 0.0, 'grapefruit': 0.0, 'tomato': 0.0, 'deer': 0.0, 'seal': 0.0, 'cow': 1.0, 'resurrected_items_p': 0}",[],0
21,0,"{'avocado': 0.25, 'cheetah': 0.0, 'strawberry': 0.25, 'fawn': 0.0, 'pineapple': 0.25, 'giraffe': 0.0, 'deer': 0.0, 'tangerine': 0.25, 'resurrected_items_p': 0}",[],0
21,1,"{'avocado': 0.25, 'cheetah': 0.0, 'strawberry': 0.25, 'fawn': 0.0, 'pineapple': 0.25, 'giraffe': 0.0, 'deer': 0.0, 'tangerine': 0.25, 'resurrected_items_p': 0}",[],0
21,2,"{'avocado': 0.2941, 'cheetah': 0.0, 'strawberry': 0.2941, 'pineapple': 0.2941, 'giraffe': 0.0, 'deer': 0.0, 'tangerine': 0.0, 'resurrected_items_p': 0.1176}",['fawn'],0.1176
21,3,"{'avocado': 0.2941, 'cheetah': 0.0, 'strawberry': 0.0588, 'fawn': 0.0588, 'pineapple': 0.2941, 'giraffe': 0.0, 'deer': 0.0, 'resurrected_items_p': 0.2941}",['tangerine'],0.2941
21,4,"{'avocado': 0.3125, 'cheetah': 0.0, 'strawberry': 0.3125, 'fawn': 0.0, 'pineapple': 0.3125, 'giraffe': 0.0, 'deer': 0.0, 'tangerine': 0.0625, 'resurrected_items_p': 0}",[],0
21,5,"{'avocado': 0.3333, 'cheetah': 0.0, 'strawberry': 0.3333, 'pineapple': 0.2, 'giraffe': 0.0, 'deer': 0.0, 'tangerine': 0.0, 'resurrected_items_p': 0.1333}",['fawn'],0.1333
21,6,"{'avocado': 1.0, 'cheetah': 0.0, 'strawberry': 0.0, 'fawn': 0.0, 'pineapple': 0.0, 'giraffe': 0.0, 'deer': 0.0, 'tangerine': 0.0, 'resurrected_items_p': 0}",[],0
22,0,"{'apple': 0.25, 'pear': 0.25, 'beaver': 0.0, 'cherry': 0.25, 'cougar': 0.0, 'platypus': 0.0, 'elephant': 0.0, 'grapefruit': 0.25, 'resurrected_items_p': 0}",[],0
22,1,"{'apple': 0.25, 'pear': 0.25, 'beaver': 0.0, 'cherry': 0.25, 'cougar': 0.0, 'platypus': 0.0, 'elephant': 0.0, 'grapefruit': 0.25, 'resurrected_items_p': 0}",[],0
22,2,"{'apple': 0.25, 'pear': 0.25, 'beaver': 0.0, 'cherry': 0.25, 'elephant': 0.0, 'grapefruit': 0.0, 'resurrected_items_p': 0.25}","['cougar', 'platypus']",0.25
22,3,"{'apple': 0.25, 'pear': 0.25, 'beaver': 0.0, 'cherry': 0.25, 'cougar': 0.0, 'platypus': 0.0, 'elephant': 0.0, 'resurrected_items_p': 0.25}",['grapefruit'],0.25
22,4,"{'apple': 0.5, 'pear': 0.0, 'beaver': 0.0, 'cherry': 0.5, 'cougar': 0.0, 'platypus': 0.0, 'elephant': 0.0, 'grapefruit': 0.0, 'resurrected_items_p': 0}",[],0
22,5,"{'apple': 0.3333, 'pear': 0.0, 'beaver': 0.0, 'cherry': 0.3333, 'cougar': 0.0, 'platypus': 0.0, 'elephant': 0.0, 'resurrected_items_p': 0.3333}",['grapefruit'],0.3333
22,6,"{'apple': 0.0, 'pear': 0.0, 'beaver': 0.0, 'cherry': 1.0, 'cougar': 0.0, 'platypus': 0.0, 'elephant': 0.0, 'grapefruit': 0.0, 'resurrected_items_p': 0}",[],0
23,0,"{'tomato': 0.25, 'giraffe': 0.0, 'rhubarb': 0.25, 'hamster': 0.0, 'tangerine': 0.25, 'mink': 0.0, 'cranberry': 0.25, 'cheetah': 0.0, 'resurrected_items_p': 0}",[],0
23,1,"{'tomato': 0.3125, 'giraffe': 0.0, 'rhubarb': 0.0625, 'hamster': 0.0, 'tangerine': 0.3125, 'mink': 0.0, 'cranberry': 0.3125, 'cheetah': 0.0, 'resurrected_items_p': 0}",[],0
23,2,"{'tomato': 0.25, 'giraffe': 0.0, 'rhubarb': 0.25, 'hamster': 0.0, 'tangerine': 0.0, 'cranberry': 0.25, 'cheetah': 0.0, 'resurrected_items_p': 0.25}",['mink'],0.25
23,3,"{'tomato': 0.3333, 'giraffe': 0.0, 'rhubarb': 0.3333, 'hamster': 0.0, 'tangerine': 0.0, 'mink': 0.0, 'cranberry': 0.3333, 'cheetah': 0.0, 'resurrected_items_p': 0}",[],0
23,4,"{'tomato': 0.25, 'giraffe': 0.0, 'rhubarb': 0.25, 'hamster': 0.0, 'mink': 0.0, 'cranberry': 0.25, 'cheetah': 0.0, 'resurrected_items_p': 0.25}",['tangerine'],0.25
23,5,"{'tomato': 0.2105, 'rhubarb': 0.0, 'tangerine': 0.2105, 'mink': 0.0, 'cranberry': 0.0, 'resurrected_items_p': 0.579}","['giraffe', 'hamster', 'cheetah']",0.579
23,6,"{'tomato': 0.3125, 'giraffe': 0.0625, 'hamster': 0.0, 'tangerine': 0.3125, 'mink': 0.0, 'cranberry': 0.0, 'cheetah': 0.0, 'resurrected_items_p': 0.3125}",['rhubarb'],0.3125
23,7,"{'tomato': 0.4545, 'giraffe': 0.0, 'rhubarb': 0.0, 'hamster': 0.0, 'tangerine': 0.0909, 'mink': 0.0, 'cheetah': 0.0, 'resurrected_items_p': 0.4545}",['cranberry'],0.4545
23,8,"{'tomato': 0.25, 'giraffe': 0.0, 'rhubarb': 0.0, 'tangerine': 0.25, 'mink': 0.0, 'cranberry': 0.25, 'cheetah': 0.0, 'resurrected_items_p': 0.25}",['hamster'],0.25
23,9,"{'tomato': 0.1429, 'hamster': 0.1429, 'tangerine': 0.1429, 'cranberry': 0.0, 'resurrected_items_p': 0.5716}","['giraffe', 'rhubarb', 'mink', 'cheetah']",0.5716
23,10,"{'tomato': 1.0, 'giraffe': 0.0, 'rhubarb': 0.0, 'hamster': 0.0, 'tangerine': 0.0, 'mink': 0.0, 'cranberry': 0.0, 'cheetah': 0.0, 'resurrected_items_p': 0}",[],0
24,0,"{'mink': 0.25, 'mushroom': 0.0, 'asparagus': 0.0, 'cow': 0.25, 'radish': 0.0, 'whale': 0.25, 'celery': 0.0, 'squirrel': 0.25, 'resurrected_items_p': 0}",[],0
24,1,"{'mink': 0.25, 'mushroom': 0.0, 'asparagus': 0.0, 'cow': 0.25, 'radish': 0.0, 'whale': 0.25, 'celery': 0.0, 'squirrel': 0.25, 'resurrected_items_p': 0}",[],0
24,2,"{'mink': 0.3333, 'mushroom': 0.0, 'asparagus': 0.0, 'cow': 0.3333, 'radish': 0.0, 'whale': 0.0, 'celery': 0.0, 'squirrel': 0.3333, 'resurrected_items_p': 0}",[],0
24,3,"{'mink': 0.1613, 'cow': 0.0, 'squirrel': 0.1613, 'resurrected_items_p': 0.6775}","['mushroom', 'asparagus', 'radish', 'whale', 'celery']",0.6775
24,4,"{'mink': 0.5, 'mushroom': 0.0, 'asparagus': 0.0, 'cow': 0.0, 'radish': 0.0, 'whale': 0.0, 'celery': 0.0, 'squirrel': 0.5, 'resurrected_items_p': 0}",[],0
24,5,"{'mink': 0.1724, 'whale': 0.0, 'celery': 0.0, 'squirrel': 0.1379, 'resurrected_items_p': 0.6896}","['mushroom', 'asparagus', 'cow', 'radish']",0.6896
24,6,"{'mink': 0.1282, 'mushroom': 0.1282, 'asparagus': 0.1282, 'cow': 0.1282, 'radish': 0.1282, 'squirrel': 0.1282, 'resurrected_items_p': 0.2308}","['whale', 'celery']",0.2308
24,7,"{'mink': 0.5, 'mushroom': 0.0, 'asparagus': 0.0, 'cow': 0.0, 'radish': 0.0, 'whale': 0.0, 'celery': 0.0, 'squirrel': 0.5, 'resurrected_items_p': 0}",[],0
24,8,"{'mink': 1.0, 'mushroom': 0.0, 'asparagus': 0.0, 'cow': 0.0, 'radish': 0.0, 'whale': 0.0, 'celery': 0.0, 'squirrel': 0.0, 'resurrected_items_p': 0}",[],0
24,9,"{'mink': 1.0, 'mushroom': 0.0, 'asparagus': 0.0, 'cow': 0.0, 'radish': 0.0, 'whale': 0.0, 'celery': 0.0, 'squirrel': 0.0, 'resurrected_items_p': 0}",[],0
25,0,"{'broccoli': 0.0, 'walrus': 0.25, 'gorilla': 0.25, 'mushroom': 0.0, 'potato': 0.0, 'peas': 0.0, 'sheep': 0.25, 'dolphin': 0.25, 'resurrected_items_p': 0}",[],0
25,1,"{'broccoli': 0.0, 'walrus': 0.25, 'gorilla': 0.25, 'mushroom': 0.0, 'potato': 0.0, 'peas': 0.0, 'sheep': 0.25, 'dolphin': 0.25, 'resurrected_items_p': 0}",[],0
25,2,"{'broccoli': 0.0, 'walrus': 0.0, 'gorilla': 0.5, 'mushroom': 0.0, 'potato': 0.0, 'peas': 0.0, 'sheep': 0.5, 'dolphin': 0.0, 'resurrected_items_p': 0}",[],0
25,3,"{'gorilla': 0.0, 'potato': 0.0, 'peas': 0.0, 'sheep': 0.0, 'resurrected_items_p': 0.9999}","['broccoli', 'walrus', 'mushroom', 'dolphin']",0.9999
25,4,"{'broccoli': 0.0, 'walrus': 0.3333, 'mushroom': 0.0, 'potato': 0.0, 'peas': 0.0, 'sheep': 0.0, 'dolphin': 0.3333, 'resurrected_items_p': 0.3333}",['gorilla'],0.3333
25,5,"{'broccoli': 0.0, 'walrus': 0.3333, 'gorilla': 0.3333, 'mushroom': 0.0, 'potato': 0.0, 'peas': 0.0, 'sheep': 0.0, 'dolphin': 0.3333, 'resurrected_items_p': 0}",[],0
25,6,"{'broccoli': 0.0, 'walrus': 0.0, 'gorilla': 0.25, 'potato': 0.0, 'dolphin': 0.0, 'resurrected_items_p': 0.75}","['mushroom', 'peas', 'sheep']",0.75
25,7,"{'broccoli': 0.0, 'walrus': 0.0, 'gorilla': 0.8333, 'mushroom': 0.1667, 'potato': 0.0, 'peas': 0.0, 'sheep': 0.0, 'dolphin': 0.0, 'resurrected_items_p': 0}",[],0
25,8,"{'broccoli': 0.0, 'walrus': 0.0, 'gorilla': 1.0, 'mushroom': 0.0, 'potato': 0.0, 'peas': 0.0, 'sheep': 0.0, 'dolphin': 0.0, 'resurrected_items_p': 0}",[],0
26,0,"{'otter': 0.25, 'seal': 0.25, 'celery': 0.0, 'asparagus': 0.0, 'tomato': 0.0, 'elk': 0.25, 'lion': 0.25, 'pumpkin': 0.0, 'resurrected_items_p': 0}",[],0
26,1,"{'otter': 0.1613, 'seal': 0.0, 'elk': 0.1613, 'lion': 0.1613, 'resurrected_items_p': 0.5162}","['celery', 'asparagus', 'tomato', 'pumpkin']",0.5162
26,2,"{'otter': 0.25, 'celery': 0.0, 'asparagus': 0.0, 'tomato': 0.0, 'elk': 0.25, 'lion': 0.25, 'pumpkin': 0.0, 'resurrected_items_p': 0.25}",['seal'],0.25
26,3,"{'otter': 0.0, 'seal': 0.0, 'tomato': 0.0, 'elk': 0.3125, 'lion': 0.0, 'resurrected_items_p': 0.6875}","['celery', 'asparagus', 'pumpkin']",0.6875
26,4,"{'otter': 0.0, 'celery': 0.0, 'asparagus': 0.0, 'tomato': 0.0, 'elk': 0.3333, 'pumpkin': 0.0, 'resurrected_items_p': 0.6666}","['seal', 'lion']",0.6666
26,5,"{'seal': 0.2083, 'tomato': 0.0, 'elk': 0.2083, 'lion': 0.0, 'pumpkin': 0.0, 'resurrected_items_p': 0.5833}","['otter', 'celery', 'asparagus']",0.5833
26,6,"{'otter': 0.0, 'seal': 0.0, 'celery': 0.0, 'asparagus': 0.0, 'tomato': 0.0, 'elk': 0.5, 'pumpkin': 0.0, 'resurrected_items_p': 0.5}",['lion'],0.5
26,7,"{'otter': 0.0, 'celery': 0.0, 'asparagus': 0.0, 'tomato': 0.0, 'elk': 0.8333, 'lion': 0.0, 'pumpkin': 0.0, 'resurrected_items_p': 0.1667}",['seal'],0.1667
27,0,"{'gorilla': 0.0476, 'pumpkin': 0.2381, 'mushroom': 0.2381, 'cauliflower': 0.2381, 'fawn': 0.0, 'peas': 0.2381, 'deer': 0.0, 'cougar': 0.0, 'resurrected_items_p': 0}",[],0
27,1,"{'gorilla': 0.0, 'pumpkin': 0.3333, 'mushroom': 0.0, 'cauliflower': 0.3333, 'fawn': 0.0, 'peas': 0.3333, 'deer': 0.0, 'cougar': 0.0, 'resurrected_items_p': 0}",[],0
27,2,"{'gorilla': 0.0, 'pumpkin': 0.3333, 'mushroom': 0.0, 'cauliflower': 0.3333, 'fawn': 0.0, 'peas': 0.3333, 'deer': 0.0, 'cougar': 0.0, 'resurrected_items_p': 0}",[],0
27,3,"{'pumpkin': 0.0, 'cauliflower': 0.1667, 'peas': 0.1667, 'cougar': 0.0, 'resurrected_items_p': 0.6668}","['gorilla', 'mushroom', 'fawn', 'deer']",0.6668
27,4,"{'gorilla': 0.0, 'mushroom': 0.0625, 'cauliflower': 0.3125, 'fawn': 0.0, 'peas': 0.3125, 'deer': 0.0, 'cougar': 0.0, 'resurrected_items_p': 0.3125}",['pumpkin'],0.3125
27,5,"{'gorilla': 0.0, 'pumpkin': 0.2381, 'mushroom': 0.2381, 'cauliflower': 0.0476, 'fawn': 0.0, 'peas': 0.2381, 'cougar': 0.0, 'resurrected_items_p': 0.2381}",['deer'],0.2381
27,6,"{'gorilla': 0.0, 'pumpkin': 0.2381, 'mushroom': 0.2381, 'cauliflower': 0.2381, 'fawn': 0.0, 'peas': 0.2381, 'deer': 0.0476, 'cougar': 0.0, 'resurrected_items_p': 0}",[],0
27,7,"{'pumpkin': 0.1429, 'mushroom': 0.1429, 'cauliflower': 0.0, 'peas': 0.1429, 'deer': 0.1429, 'resurrected_items_p': 0.42869999999999997}","['gorilla', 'fawn', 'cougar']",0.42869999999999997
27,8,"{'gorilla': 0.0, 'pumpkin': 0.1667, 'mushroom': 0.1667, 'fawn': 0.1667, 'peas': 0.0, 'deer': 0.1667, 'cougar': 0.1667, 'resurrected_items_p': 0.1667}",['cauliflower'],0.1667
27,9,"{'pumpkin': 0.1429, 'mushroom': 0.0, 'cauliflower': 0.1429, 'fawn': 0.1429, 'deer': 0.1429, 'cougar': 0.1429, 'resurrected_items_p': 0.2858}","['gorilla', 'peas']",0.2858
27,10,"{'gorilla': 0.125, 'pumpkin': 0.125, 'cauliflower': 0.125, 'fawn': 0.125, 'peas': 0.125, 'deer': 0.125, 'cougar': 0.125, 'resurrected_items_p': 0.125}",['mushroom'],0.125
27,11,"{'gorilla': 0.0, 'pumpkin': 1.0, 'mushroom': 0.0, 'cauliflower': 0.0, 'fawn': 0.0, 'peas': 0.0, 'deer': 0.0, 'cougar': 0.0, 'resurrected_items_p': 0}",[],0
28,0,"{'radish': 0.1562, 'whale': 0.0, 'beans': 0.1562, 'potato': 0.1562, 'bison': 0.1562, 'pig': 0.1562, 'beets': 0.1562, 'deer': 0.0625, 'resurrected_items_p': 0}",[],0
28,1,"{'radish': 0.25, 'whale': 0.0, 'beans': 0.25, 'potato': 0.25, 'bison': 0.0, 'pig': 0.0, 'beets': 0.25, 'deer': 0.0, 'resurrected_items_p': 0}",[],0
28,2,"{'radish': 0.0, 'whale': 0.0, 'beans': 1.0, 'potato': 0.0, 'bison': 0.0, 'pig': 0.0, 'beets': 0.0, 'deer': 0.0, 'resurrected_items_p': 0}",[],0
28,3,"{'radish': 0.0, 'whale': 0.0, 'beans': 0.3333, 'bison': 0.0, 'pig': 0.0, 'deer': 0.0, 'resurrected_items_p': 0.6666}","['potato', 'beets']",0.6666
28,4,"{'radish': 0.0, 'whale': 0.0, 'beans': 1.0, 'potato': 0.0, 'bison': 0.0, 'pig': 0.0, 'beets': 0.0, 'deer': 0.0, 'resurrected_items_p': 0}",[],0
29,0,"{'eggplant': 0.25, 'onions': 0.25, 'fawn': 0.0, 'chimp': 0.0, 'pumpkin': 0.25, 'platypus': 0.0, 'walrus': 0.0, 'potato': 0.25, 'resurrected_items_p': 0}",[],0
29,1,"{'eggplant': 0.0, 'onions': 0.3333, 'fawn': 0.0, 'chimp': 0.0, 'pumpkin': 0.3333, 'platypus': 0.0, 'walrus': 0.0, 'potato': 0.3333, 'resurrected_items_p': 0}",[],0
29,2,"{'eggplant': 0.0, 'onions': 0.0, 'fawn': 0.0, 'chimp': 0.0, 'pumpkin': 0.0, 'platypus': 0.0, 'walrus': 0.0, 'potato': 1.0, 'resurrected_items_p': 0}",[],0
30,0,"{'trousers': 0.0, 'buzzard': 0.25, 'cloak': 0.0, 'bluejay': 0.25, 'boots': 0.0, 'vulture': 0.25, 'penguin': 0.25, 'sweater': 0.0, 'resurrected_items_p': 0}",[],0
30,1,"{'trousers': 0.0, 'buzzard': 0.25, 'cloak': 0.0, 'bluejay': 0.25, 'boots': 0.0, 'vulture': 0.25, 'penguin': 0.25, 'sweater': 0.0, 'resurrected_items_p': 0}",[],0
30,2,"{'buzzard': 0.1667, 'bluejay': 0.0, 'vulture': 0.1667, 'penguin': 0.1667, 'resurrected_items_p': 0.5}","['trousers', 'cloak', 'boots', 'sweater']",0.5
31,0,"{'tie': 0.0, 'bra': 0.0, 'eagle': 0.25, 'parakeet': 0.25, 'woodpecker': 0.25, 'stork': 0.25, 'belt': 0.0, 'camisole': 0.0, 'resurrected_items_p': 0}",[],0
31,1,"{'tie': 0.0, 'bra': 0.0, 'eagle': 0.8333, 'parakeet': 0.0, 'woodpecker': 0.1667, 'stork': 0.0, 'belt': 0.0, 'camisole': 0.0, 'resurrected_items_p': 0}",[],0
31,2,"{'tie': 0.0, 'bra': 0.0, 'eagle': 0.25, 'woodpecker': 0.25, 'belt': 0.0, 'camisole': 0.0, 'resurrected_items_p': 0.5}","['parakeet', 'stork']",0.5
31,3,"{'tie': 0.0, 'eagle': 0.0, 'parakeet': 0.25, 'woodpecker': 0.25, 'stork': 0.25, 'belt': 0.0, 'camisole': 0.0, 'resurrected_items_p': 0.25}",['bra'],0.25
31,4,"{'tie': 0.0, 'bra': 0.0, 'eagle': 0.0, 'parakeet': 0.1667, 'woodpecker': 0.0, 'stork': 0.8333, 'belt': 0.0, 'camisole': 0.0, 'resurrected_items_p': 0}",[],0
32,0,"{'hawk': 0.25, 'peacock': 0.25, 'falcon': 0.25, 'tie': 0.0, 'belt': 0.0, 'budgie': 0.25, 'bra': 0.0, 'shoes': 0.0, 'resurrected_items_p': 0}",[],0
32,1,"{'hawk': 0.2, 'peacock': 0.0, 'falcon': 0.2, 'budgie': 0.0, 'bra': 0.0, 'resurrected_items_p': 0.6000000000000001}","['tie', 'belt', 'shoes']",0.6000000000000001
32,2,"{'hawk': 0.5, 'peacock': 0.0, 'falcon': 0.5, 'tie': 0.0, 'belt': 0.0, 'budgie': 0.0, 'bra': 0.0, 'shoes': 0.0, 'resurrected_items_p': 0}",[],0
32,3,"{'hawk': 0.3333, 'peacock': 0.0, 'falcon': 0.3333, 'tie': 0.0, 'belt': 0.0, 'bra': 0.0, 'shoes': 0.0, 'resurrected_items_p': 0.3333}",['budgie'],0.3333
32,4,"{'hawk': 0.1613, 'falcon': 0.0, 'budgie': 0.1613, 'resurrected_items_p': 0.6775}","['peacock', 'tie', 'belt', 'bra', 'shoes']",0.6775
32,5,"{'hawk': 1.0, 'peacock': 0.0, 'falcon': 0.0, 'tie': 0.0, 'belt': 0.0, 'budgie': 0.0, 'bra': 0.0, 'shoes': 0.0, 'resurrected_items_p': 0}",[],0
33,0,"{'chickadee': 0.0, 'skirt': 0.25, 'eagle': 0.0, 'leotards': 0.25, 'bra': 0.25, 'boots': 0.25, 'owl': 0.0, 'raven': 0.0, 'resurrected_items_p': 0}",[],0
33,1,"{'chickadee': 0.0, 'skirt': 0.25, 'eagle': 0.0, 'leotards': 0.25, 'bra': 0.25, 'boots': 0.25, 'owl': 0.0, 'raven': 0.0, 'resurrected_items_p': 0}",[],0
33,2,"{'chickadee': 0.0, 'skirt': 0.0, 'eagle': 0.0, 'leotards': 0.5, 'bra': 0.5, 'boots': 0.0, 'owl': 0.0, 'raven': 0.0, 'resurrected_items_p': 0}",[],0
33,3,"{'chickadee': 0.0, 'eagle': 0.0, 'leotards': 0.3333, 'bra': 0.3333, 'boots': 0.0, 'owl': 0.0, 'raven': 0.0, 'resurrected_items_p': 0.3333}",['skirt'],0.3333
33,4,"{'chickadee': 0.0, 'skirt': 0.0, 'eagle': 0.0, 'leotards': 0.5, 'bra': 0.5, 'boots': 0.0, 'owl': 0.0, 'raven': 0.0, 'resurrected_items_p': 0}",[],0
33,5,"{'eagle': 0.0, 'leotards': 0.1667, 'bra': 0.1667, 'boots': 0.0, 'resurrected_items_p': 0.6668}","['chickadee', 'skirt', 'owl', 'raven']",0.6668
33,6,"{'chickadee': 0.0, 'skirt': 0.0, 'eagle': 0.0, 'leotards': 0.0, 'bra': 1.0, 'boots': 0.0, 'owl': 0.0, 'raven': 0.0, 'resurrected_items_p': 0}",[],0
33,7,"{'chickadee': 0.0, 'skirt': 0.0, 'eagle': 0.0, 'leotards': 0.0, 'bra': 1.0, 'boots': 0.0, 'owl': 0.0, 'raven': 0.0, 'resurrected_items_p': 0}",[],0
34,0,"{'rooster': 0.0, 'belt': 0.25, 'pajamas': 0.25, 'slippers': 0.25, 'woodpecker': 0.0, 'parakeet': 0.0, 'partridge': 0.0, 'tie': 0.25, 'resurrected_items_p': 0}",[],0
34,1,"{'rooster': 0.0, 'belt': 0.5, 'pajamas': 0.0, 'slippers': 0.0, 'woodpecker': 0.0, 'parakeet': 0.0, 'partridge': 0.0, 'tie': 0.5, 'resurrected_items_p': 0}",[],0
34,2,"{'rooster': 0.0, 'belt': 0.5, 'slippers': 0.0, 'woodpecker': 0.0, 'parakeet': 0.0, 'partridge': 0.0, 'tie': 0.0, 'resurrected_items_p': 0.5}",['pajamas'],0.5
34,3,"{'belt': 0.25, 'pajamas': 0.0, 'slippers': 0.0, 'woodpecker': 0.0, 'tie': 0.0, 'resurrected_items_p': 0.75}","['rooster', 'parakeet', 'partridge']",0.75
34,4,"{'rooster': 0.0, 'belt': 0.5, 'pajamas': 0.0, 'woodpecker': 0.0, 'parakeet': 0.0, 'partridge': 0.0, 'tie': 0.0, 'resurrected_items_p': 0.5}",['slippers'],0.5
34,5,"{'rooster': 0.0, 'belt': 1.0, 'pajamas': 0.0, 'slippers': 0.0, 'woodpecker': 0.0, 'parakeet': 0.0, 'partridge': 0.0, 'tie': 0.0, 'resurrected_items_p': 0}",[],0
34,6,"{'rooster': 0.0, 'belt': 0.1667, 'tie': 0.0, 'resurrected_items_p': 0.8334999999999999}","['pajamas', 'slippers', 'woodpecker', 'parakeet', 'partridge']",0.8334999999999999
34,7,"{'rooster': 0.0, 'belt': 0.5, 'pajamas': 0.0, 'slippers': 0.0, 'woodpecker': 0.0, 'parakeet': 0.0, 'partridge': 0.0, 'resurrected_items_p': 0.5}",['tie'],0.5
34,8,"{'rooster': 0.0, 'belt': 1.0, 'pajamas': 0.0, 'slippers': 0.0, 'woodpecker': 0.0, 'parakeet': 0.0, 'partridge': 0.0, 'tie': 0.0, 'resurrected_items_p': 0}",[],0
35,0,"{'penguin': 0.0, 'shoes': 0.25, 'goose': 0.0, 'tie': 0.25, 'peacock': 0.0, 'belt': 0.25, 'oriole': 0.0, 'bra': 0.25, 'resurrected_items_p': 0}",[],0
35,1,"{'penguin': 0.0, 'shoes': 0.25, 'goose': 0.0, 'tie': 0.25, 'peacock': 0.0, 'belt': 0.25, 'oriole': 0.0, 'bra': 0.25, 'resurrected_items_p': 0}",[],0
35,2,"{'penguin': 0.0, 'shoes': 0.0, 'goose': 0.0, 'tie': 0.3333, 'peacock': 0.0, 'belt': 0.3333, 'oriole': 0.0, 'bra': 0.3333, 'resurrected_items_p': 0}",[],0
35,3,"{'shoes': 0.0, 'tie': 0.0, 'belt': 0.0, 'bra': 0.2, 'resurrected_items_p': 0.8}","['penguin', 'goose', 'peacock', 'oriole']",0.8
35,4,"{'penguin': 0.0, 'shoes': 0.0, 'goose': 0.0, 'tie': 0.0, 'peacock': 0.0, 'belt': 0.0, 'oriole': 0.0, 'bra': 1.0, 'resurrected_items_p': 0}",[],0
35,5,"{'penguin': 0.0, 'shoes': 0.0, 'goose': 0.0, 'tie': 0.0, 'peacock': 0.0, 'belt': 0.0, 'oriole': 0.0, 'bra': 1.0, 'resurrected_items_p': 0}",[],0
35,6,"{'penguin': 0.0, 'goose': 0.0, 'peacock': 0.0, 'oriole': 0.0, 'bra': 0.25, 'resurrected_items_p': 0.75}","['shoes', 'tie', 'belt']",0.75
35,7,"{'penguin': 0.0, 'shoes': 0.25, 'goose': 0.0, 'tie': 0.25, 'peacock': 0.0, 'belt': 0.25, 'oriole': 0.0, 'bra': 0.25, 'resurrected_items_p': 0}",[],0
35,8,"{'penguin': 0.0, 'shoes': 0.5, 'goose': 0.0, 'tie': 0.0, 'peacock': 0.0, 'belt': 0.0, 'oriole': 0.0, 'bra': 0.5, 'resurrected_items_p': 0}",[],0
35,9,"{'penguin': 0.0, 'shoes': 0.1667, 'goose': 0.0, 'peacock': 0.0, 'oriole': 0.0, 'bra': 0.2778, 'resurrected_items_p': 0.5556}","['tie', 'belt']",0.5556
35,10,"{'penguin': 0.0, 'shoes': 0.0, 'goose': 0.0, 'tie': 0.0, 'peacock': 0.0, 'belt': 0.0, 'oriole': 0.0, 'bra': 1.0, 'resurrected_items_p': 0}",[],0
36,0,"{'rocket': 0.0, 'duck': 0.25, 'rooster': 0.25, 'penguin': 0.25, 'catapult': 0.0, 'spear': 0.0, 'cannon': 0.0, 'budgie': 0.25, 'resurrected_items_p': 0}",[],0
36,1,"{'rocket': 0.0, 'duck': 0.3333, 'rooster': 0.3333, 'penguin': 0.0, 'catapult': 0.0, 'spear': 0.0, 'cannon': 0.0, 'budgie': 0.3333, 'resurrected_items_p': 0}",[],0
36,2,"{'rocket': 0.0, 'duck': 0.0, 'rooster': 0.0, 'budgie': 0.0, 'resurrected_items_p': 1.0}","['penguin', 'catapult', 'spear', 'cannon']",1.0
36,3,"{'rocket': 0.0, 'duck': 0.0, 'rooster': 0.0, 'penguin': 1.0, 'catapult': 0.0, 'spear': 0.0, 'cannon': 0.0, 'budgie': 0.0, 'resurrected_items_p': 0}",[],0
37,0,"{'shotgun': 0.0, 'starling': 0.25, 'pelican': 0.25, 'rifle': 0.0, 'penguin': 0.25, 'stone': 0.0, 'rocket': 0.0, 'ostrich': 0.25, 'resurrected_items_p': 0}",[],0
37,1,"{'shotgun': 0.0, 'starling': 0.25, 'pelican': 0.25, 'rifle': 0.0, 'penguin': 0.25, 'stone': 0.0, 'rocket': 0.0, 'ostrich': 0.25, 'resurrected_items_p': 0}",[],0
37,2,"{'shotgun': 0.0, 'starling': 0.5, 'pelican': 0.5, 'rifle': 0.0, 'penguin': 0.0, 'stone': 0.0, 'rocket': 0.0, 'ostrich': 0.0, 'resurrected_items_p': 0}",[],0
37,3,"{'shotgun': 0.0, 'starling': 0.0, 'pelican': 0.3333, 'rifle': 0.0, 'rocket': 0.0, 'ostrich': 0.0, 'resurrected_items_p': 0.6666}","['penguin', 'stone']",0.6666
37,4,"{'pelican': 0.0, 'penguin': 0.1429, 'stone': 0.1429, 'resurrected_items_p': 0.7145}","['shotgun', 'starling', 'rifle', 'rocket', 'ostrich']",0.7145
37,5,"{'shotgun': 0.1429, 'starling': 0.1429, 'rifle': 0.0, 'penguin': 0.1429, 'stone': 0.1429, 'rocket': 0.1429, 'ostrich': 0.1429, 'resurrected_items_p': 0.1429}",['pelican'],0.1429
37,6,"{'shotgun': 0.0, 'starling': 0.0, 'pelican': 0.0, 'rifle': 0.0, 'penguin': 1.0, 'stone': 0.0, 'rocket': 0.0, 'ostrich': 0.0, 'resurrected_items_p': 0}",[],0
38,0,"{'crowbar': 0.0, 'stork': 0.25, 'knife': 0.0, 'chickadee': 0.25, 'stick': 0.0, 'owl': 0.25, 'seagull': 0.25, 'axe': 0.0, 'resurrected_items_p': 0}",[],0
38,1,"{'crowbar': 0.0, 'stork': 0.3333, 'knife': 0.0, 'chickadee': 0.3333, 'stick': 0.0, 'owl': 0.0, 'seagull': 0.3333, 'axe': 0.0, 'resurrected_items_p': 0}",[],0
38,2,"{'crowbar': 0.0, 'stork': 0.25, 'knife': 0.0, 'chickadee': 0.25, 'stick': 0.0, 'seagull': 0.25, 'axe': 0.0, 'resurrected_items_p': 0.25}",['owl'],0.25
38,3,"{'crowbar': 0.0, 'stork': 0.3333, 'knife': 0.0, 'chickadee': 0.0, 'stick': 0.0, 'owl': 0.3333, 'seagull': 0.3333, 'axe': 0.0, 'resurrected_items_p': 0}",[],0
38,4,"{'crowbar': 0.0, 'stork': 0.0, 'knife': 0.0, 'chickadee': 0.0, 'stick': 0.0, 'owl': 0.0, 'seagull': 1.0, 'axe': 0.0, 'resurrected_items_p': 0}",[],0
39,0,"{'whip': 0.25, 'stick': 0.25, 'budgie': 0.0, 'rooster': 0.0, 'catapult': 0.25, 'pheasant': 0.0, 'peacock': 0.0, 'bazooka': 0.25, 'resurrected_items_p': 0}",[],0
39,1,"{'whip': 0.125, 'stick': 0.125, 'catapult': 0.125, 'bazooka': 0.125, 'resurrected_items_p': 0.5}","['budgie', 'rooster', 'pheasant', 'peacock']",0.5
39,2,"{'whip': 0.1351, 'stick': 0.0541, 'budgie': 0.1351, 'rooster': 0.1351, 'catapult': 0.1351, 'pheasant': 0.1351, 'peacock': 0.1351, 'bazooka': 0.1351, 'resurrected_items_p': 0}",[],0
39,3,"{'whip': 0.1667, 'stick': 0.0, 'budgie': 0.1667, 'rooster': 0.1667, 'catapult': 0.1667, 'pheasant': 0.0, 'peacock': 0.1667, 'bazooka': 0.1667, 'resurrected_items_p': 0}",[],0
39,4,"{'whip': 0.25, 'budgie': 0.0, 'rooster': 0.0, 'catapult': 0.25, 'pheasant': 0.0, 'peacock': 0.0, 'bazooka': 0.25, 'resurrected_items_p': 0.25}",['stick'],0.25
39,5,"{'whip': 0.5, 'stick': 0.5, 'budgie': 0.0, 'rooster': 0.0, 'catapult': 0.0, 'pheasant': 0.0, 'peacock': 0.0, 'bazooka': 0.0, 'resurrected_items_p': 0}",[],0
39,6,"{'whip': 0.3333, 'stick': 0.3333, 'budgie': 0.0, 'rooster': 0.0, 'catapult': 0.0, 'pheasant': 0.0, 'peacock': 0.0, 'resurrected_items_p': 0.3333}",['bazooka'],0.3333
39,7,"{'whip': 1.0, 'stick': 0.0, 'budgie': 0.0, 'rooster': 0.0, 'catapult': 0.0, 'pheasant': 0.0, 'peacock': 0.0, 'bazooka': 0.0, 'resurrected_items_p': 0}",[],0
40,0,"{'rifle': 0.25, 'grenade': 0.25, 'stone': 0.25, 'turkey': 0.0, 'flamingo': 0.0, 'bomb': 0.25, 'robin': 0.0, 'penguin': 0.0, 'resurrected_items_p': 0}",[],0
40,1,"{'rifle': 0.3333, 'grenade': 0.3333, 'stone': 0.0, 'turkey': 0.0, 'flamingo': 0.0, 'bomb': 0.3333, 'robin': 0.0, 'penguin': 0.0, 'resurrected_items_p': 0}",[],0
40,2,"{'rifle': 0.0, 'grenade': 0.5, 'stone': 0.0, 'turkey': 0.0, 'flamingo': 0.0, 'bomb': 0.5, 'robin': 0.0, 'penguin': 0.0, 'resurrected_items_p': 0}",[],0
40,3,"{'rifle': 0.0, 'grenade': 0.25, 'turkey': 0.0, 'bomb': 0.25, 'robin': 0.0, 'resurrected_items_p': 0.5}","['stone', 'flamingo', 'penguin']",0.5
40,4,"{'rifle': 0.0, 'grenade': 0.5, 'stone': 0.5, 'turkey': 0.0, 'flamingo': 0.0, 'bomb': 0.0, 'robin': 0.0, 'penguin': 0.0, 'resurrected_items_p': 0}",[],0
40,5,"{'grenade': 0.3333, 'stone': 0.0, 'turkey': 0.0, 'flamingo': 0.0, 'robin': 0.0, 'penguin': 0.0, 'resurrected_items_p': 0.6666}","['rifle', 'bomb']",0.6666
40,6,"{'rifle': 0.125, 'grenade': 0.125, 'bomb': 0.125, 'resurrected_items_p': 0.625}","['stone', 'turkey', 'flamingo', 'robin', 'penguin']",0.625
41,0,"{'penguin': 0.0, 'whip': 0.25, 'woodpecker': 0.0, 'stick': 0.25, 'sword': 0.25, 'crow': 0.0, 'tomahawk': 0.25, 'pelican': 0.0, 'resurrected_items_p': 0}",[],0
41,1,"{'penguin': 0.0, 'whip': 0.0, 'woodpecker': 0.0, 'stick': 0.5, 'sword': 0.0, 'crow': 0.0, 'tomahawk': 0.5, 'pelican': 0.0, 'resurrected_items_p': 0}",[],0
41,2,"{'penguin': 0.0, 'whip': 0.0, 'stick': 0.5556, 'sword': 0.0, 'crow': 0.0, 'tomahawk': 0.0, 'pelican': 0.0, 'resurrected_items_p': 0.4444}",['woodpecker'],0.4444
42,0,"{'budgie': 0.25, 'finch': 0.25, 'grapefruit': 0.0, 'cranberry': 0.0, 'raisin': 0.0, 'crow': 0.25, 'pumpkin': 0.0, 'raven': 0.25, 'resurrected_items_p': 0}",[],0
42,1,"{'budgie': 0.25, 'finch': 0.25, 'grapefruit': 0.0, 'cranberry': 0.0, 'raisin': 0.0, 'crow': 0.25, 'pumpkin': 0.0, 'raven': 0.25, 'resurrected_items_p': 0}",[],0
42,2,"{'budgie': 0.5, 'finch': 0.5, 'grapefruit': 0.0, 'cranberry': 0.0, 'raisin': 0.0, 'crow': 0.0, 'pumpkin': 0.0, 'raven': 0.0, 'resurrected_items_p': 0}",[],0
42,3,"{'budgie': 0.5, 'finch': 0.5, 'grapefruit': 0.0, 'cranberry': 0.0, 'raisin': 0.0, 'crow': 0.0, 'pumpkin': 0.0, 'raven': 0.0, 'resurrected_items_p': 0}",[],0
42,4,"{'budgie': 1.0, 'finch': 0.0, 'grapefruit': 0.0, 'cranberry': 0.0, 'raisin': 0.0, 'crow': 0.0, 'pumpkin': 0.0, 'raven': 0.0, 'resurrected_items_p': 0}",[],0
43,0,"{'swan': 0.25, 'apple': 0.0, 'peach': 0.0, 'buzzard': 0.25, 'dove': 0.25, 'lime': 0.0, 'strawberry': 0.0, 'robin': 0.25, 'resurrected_items_p': 0}",[],0
43,1,"{'swan': 0.25, 'apple': 0.0, 'peach': 0.0, 'buzzard': 0.25, 'dove': 0.25, 'lime': 0.0, 'strawberry': 0.0, 'robin': 0.25, 'resurrected_items_p': 0}",[],0
43,2,"{'swan': 0.25, 'apple': 0.0, 'peach': 0.0, 'buzzard': 0.25, 'dove': 0.25, 'lime': 0.0, 'strawberry': 0.0, 'robin': 0.25, 'resurrected_items_p': 0}",[],0
43,3,"{'swan': 0.2, 'apple': 0.0, 'buzzard': 0.2, 'dove': 0.2, 'strawberry': 0.0, 'robin': 0.0, 'resurrected_items_p': 0.4}","['peach', 'lime']",0.4
43,4,"{'swan': 0.2, 'apple': 0.0, 'peach': 0.2, 'buzzard': 0.0, 'dove': 0.2, 'lime': 0.2, 'strawberry': 0.0, 'resurrected_items_p': 0.2}",['robin'],0.2
43,5,"{'swan': 0.0, 'apple': 0.0, 'peach': 0.0, 'dove': 0.3333, 'lime': 0.0, 'strawberry': 0.0, 'robin': 0.3333, 'resurrected_items_p': 0.3333}",['buzzard'],0.3333
43,6,"{'apple': 0.0, 'peach': 0.0, 'buzzard': 0.25, 'dove': 0.25, 'lime': 0.0, 'strawberry': 0.0, 'robin': 0.25, 'resurrected_items_p': 0.25}",['swan'],0.25
43,7,"{'swan': 0.0, 'apple': 0.0, 'peach': 0.0, 'buzzard': 0.0, 'dove': 0.5, 'lime': 0.0, 'strawberry': 0.0, 'robin': 0.5, 'resurrected_items_p': 0}",[],0
43,8,"{'dove': 0.125, 'robin': 0.125, 'resurrected_items_p': 0.75}","['swan', 'apple', 'peach', 'buzzard', 'lime', 'strawberry']",0.75
43,9,"{'swan': 0.0, 'apple': 0.0, 'peach': 0.0, 'buzzard': 0.0, 'dove': 1.0, 'lime': 0.0, 'strawberry': 0.0, 'robin': 0.0, 'resurrected_items_p': 0}",[],0
44,0,"{'pineapple': 0.0, 'rhubarb': 0.25, 'woodpecker': 0.0, 'stork': 0.25, 'swan': 0.25, 'orange': 0.0, 'canary': 0.25, 'cherry': 0.0, 'resurrected_items_p': 0}",[],0
44,1,"{'pineapple': 0.0, 'rhubarb': 0.0, 'stork': 0.25, 'swan': 0.25, 'orange': 0.0, 'canary': 0.25, 'cherry': 0.0, 'resurrected_items_p': 0.25}",['woodpecker'],0.25
44,2,"{'pineapple': 0.0, 'rhubarb': 0.0, 'woodpecker': 0.5, 'stork': 0.0, 'swan': 0.0, 'orange': 0.0, 'canary': 0.5, 'cherry': 0.0, 'resurrected_items_p': 0}",[],0
44,3,"{'woodpecker': 0.1515, 'orange': 0.0, 'canary': 0.1515, 'resurrected_items_p': 0.6969}","['pineapple', 'rhubarb', 'stork', 'swan', 'cherry']",0.6969
44,4,"{'pineapple': 0.1613, 'rhubarb': 0.1613, 'woodpecker': 0.1613, 'stork': 0.1613, 'swan': 0.1613, 'canary': 0.0, 'cherry': 0.0323, 'resurrected_items_p': 0.1613}",['orange'],0.1613
44,5,"{'pineapple': 0.1515, 'rhubarb': 0.1515, 'woodpecker': 0.1212, 'stork': 0.1212, 'swan': 0.1515, 'orange': 0.0, 'cherry': 0.1515, 'resurrected_items_p': 0.1515}",['canary'],0.1515
44,6,"{'pineapple': 0.0, 'rhubarb': 0.0, 'woodpecker': 1.0, 'stork': 0.0, 'swan': 0.0, 'orange': 0.0, 'canary': 0.0, 'cherry': 0.0, 'resurrected_items_p': 0}",[],0
45,0,"{'falcon': 0.0, 'owl': 0.0, 'rhubarb': 0.25, 'goose': 0.0, 'cherry': 0.25, 'apple': 0.25, 'rooster': 0.0, 'grapefruit': 0.25, 'resurrected_items_p': 0}",[],0
45,1,"{'falcon': 0.0, 'owl': 0.0, 'rhubarb': 0.3333, 'goose': 0.0, 'cherry': 0.3333, 'apple': 0.0, 'rooster': 0.0, 'grapefruit': 0.3333, 'resurrected_items_p': 0}",[],0
45,2,"{'rhubarb': 0.2, 'cherry': 0.0, 'apple': 0.0, 'grapefruit': 0.0, 'resurrected_items_p': 0.8}","['falcon', 'owl', 'goose', 'rooster']",0.8
45,3,"{'falcon': 0.0, 'owl': 0.0, 'rhubarb': 1.0, 'goose': 0.0, 'cherry': 0.0, 'apple': 0.0, 'rooster': 0.0, 'grapefruit': 0.0, 'resurrected_items_p': 0}",[],0
45,4,"{'rhubarb': 0.1282, 'resurrected_items_p': 0.8717999999999999}","['falcon', 'owl', 'goose', 'cherry', 'apple', 'rooster', 'grapefruit']",0.8717999999999999
45,5,"{'falcon': 0.125, 'owl': 0.125, 'rhubarb': 0.125, 'goose': 0.125, 'cherry': 0.125, 'apple': 0.125, 'rooster': 0.125, 'grapefruit': 0.125, 'resurrected_items_p': 0}",[],0
45,6,"{'falcon': 0.0, 'owl': 0.0, 'rhubarb': 1.0, 'goose': 0.0, 'cherry': 0.0, 'apple': 0.0, 'rooster': 0.0, 'grapefruit': 0.0, 'resurrected_items_p': 0}",[],0
45,7,"{'rhubarb': 0.0476, 'cherry': 0.0, 'apple': 0.0, 'grapefruit': 0.0, 'resurrected_items_p': 0.9524}","['falcon', 'owl', 'goose', 'rooster']",0.9524
45,8,"{'falcon': 0.1613, 'owl': 0.1613, 'rhubarb': 0.0323, 'goose': 0.1613, 'apple': 0.0, 'rooster': 0.1613, 'resurrected_items_p': 0.3226}","['cherry', 'grapefruit']",0.3226
45,9,"{'falcon': 0.0, 'owl': 0.1667, 'rhubarb': 0.1667, 'goose': 0.1667, 'cherry': 0.1667, 'rooster': 0.1667, 'grapefruit': 0.0, 'resurrected_items_p': 0.1667}",['apple'],0.1667
45,10,"{'owl': 0.125, 'rhubarb': 0.125, 'goose': 0.125, 'cherry': 0.125, 'apple': 0.125, 'rooster': 0.125, 'resurrected_items_p': 0.25}","['falcon', 'grapefruit']",0.25
45,11,"{'falcon': 0.0, 'owl': 0.1429, 'rhubarb': 0.1429, 'goose': 0.1429, 'cherry': 0.1429, 'apple': 0.1429, 'rooster': 0.1429, 'grapefruit': 0.1429, 'resurrected_items_p': 0}",[],0
45,12,"{'owl': 0.1429, 'rhubarb': 0.1429, 'goose': 0.0, 'cherry': 0.1429, 'apple': 0.1429, 'rooster': 0.1429, 'grapefruit': 0.1429, 'resurrected_items_p': 0.1429}",['falcon'],0.1429
45,13,"{'falcon': 0.0, 'owl': 0.1667, 'rhubarb': 0.0, 'cherry': 0.1667, 'apple': 0.1667, 'rooster': 0.1667, 'grapefruit': 0.1667, 'resurrected_items_p': 0.1667}",['goose'],0.1667
45,14,"{'falcon': 0.0, 'owl': 0.1071, 'goose': 0.1786, 'cherry': 0.1786, 'apple': 0.1786, 'rooster': 0.0, 'grapefruit': 0.1786, 'resurrected_items_p': 0.1786}",['rhubarb'],0.1786
45,15,"{'falcon': 0.0, 'owl': 0.0, 'rhubarb': 0.2, 'goose': 0.2, 'cherry': 0.2, 'apple': 0.2, 'rooster': 0.0, 'grapefruit': 0.2, 'resurrected_items_p': 0}",[],0
45,16,"{'falcon': 0.0, 'owl': 0.0, 'rhubarb': 1.0, 'goose': 0.0, 'cherry': 0.0, 'apple': 0.0, 'rooster': 0.0, 'grapefruit': 0.0, 'resurrected_items_p': 0}",[],0
46,0,"{'honeydew': 0.25, 'avocado': 0.25, 'duck': 0.0, 'penguin': 0.0, 'turkey': 0.0, 'oriole': 0.0, 'banana': 0.25, 'tangerine': 0.25, 'resurrected_items_p': 0}",[],0
46,1,"{'honeydew': 0.3333, 'avocado': 0.3333, 'duck': 0.0, 'penguin': 0.0, 'turkey': 0.0, 'oriole': 0.0, 'banana': 0.0, 'tangerine': 0.3333, 'resurrected_items_p': 0}",[],0
46,2,"{'honeydew': 0.5, 'avocado': 0.0, 'duck': 0.0, 'penguin': 0.0, 'turkey': 0.0, 'oriole': 0.0, 'banana': 0.0, 'tangerine': 0.5, 'resurrected_items_p': 0}",[],0
46,3,"{'honeydew': 0.25, 'duck': 0.0, 'penguin': 0.0, 'turkey': 0.0, 'oriole': 0.0, 'tangerine': 0.25, 'resurrected_items_p': 0.5}","['avocado', 'banana']",0.5
46,4,"{'honeydew': 0.0, 'avocado': 0.3333, 'duck': 0.0, 'penguin': 0.0, 'turkey': 0.0, 'oriole': 0.0, 'banana': 0.3333, 'tangerine': 0.3333, 'resurrected_items_p': 0}",[],0
46,5,"{'avocado': 0.25, 'duck': 0.0, 'penguin': 0.0, 'turkey': 0.0, 'oriole': 0.0, 'banana': 0.25, 'tangerine': 0.25, 'resurrected_items_p': 0.25}",['honeydew'],0.25
46,6,"{'honeydew': 0.0, 'avocado': 0.0, 'duck': 0.0, 'penguin': 0.0, 'turkey': 0.0, 'oriole': 0.0, 'banana': 0.0, 'tangerine': 1.0, 'resurrected_items_p': 0}",[],0
47,0,"{'rhubarb': 0.25, 'peacock': 0.0, 'budgie': 0.0, 'nectarine': 0.25, 'prune': 0.25, 'falcon': 0.0, 'hawk': 0.0, 'tomato': 0.25, 'resurrected_items_p': 0}",[],0
47,1,"{'rhubarb': 0.2, 'budgie': 0.0, 'nectarine': 0.2, 'prune': 0.2, 'falcon': 0.0, 'hawk': 0.0, 'tomato': 0.2, 'resurrected_items_p': 0.2}",['peacock'],0.2
47,2,"{'rhubarb': 0.0, 'peacock': 0.0, 'budgie': 0.0, 'nectarine': 0.5, 'prune': 0.5, 'falcon': 0.0, 'hawk': 0.0, 'tomato': 0.0, 'resurrected_items_p': 0}",[],0
47,3,"{'nectarine': 0.2273, 'prune': 0.0, 'falcon': 0.0, 'hawk': 0.0, 'resurrected_items_p': 0.7727999999999999}","['rhubarb', 'peacock', 'budgie', 'tomato']",0.7727999999999999
47,4,"{'rhubarb': 0.2, 'peacock': 0.2, 'budgie': 0.0, 'nectarine': 0.0, 'prune': 0.0, 'tomato': 0.2, 'resurrected_items_p': 0.4}","['falcon', 'hawk']",0.4
47,5,"{'rhubarb': 0.0, 'peacock': 0.0, 'budgie': 0.0, 'prune': 0.0, 'falcon': 0.0, 'hawk': 0.0, 'tomato': 0.0, 'resurrected_items_p': 1.0}",['nectarine'],1.0
47,6,"{'rhubarb': 0.0, 'peacock': 0.0, 'budgie': 0.0, 'nectarine': 1.0, 'prune': 0.0, 'falcon': 0.0, 'hawk': 0.0, 'tomato': 0.0, 'resurrected_items_p': 0}",[],0
48,0,"{'asparagus': 0.0, 'chickadee': 0.0, 'cucumber': 0.2, 'starling': 0.2, 'mushroom': 0.2, 'buzzard': 0.2, 'peas': 0.0, 'crow': 0.2, 'resurrected_items_p': 0}",[],0
48,1,"{'asparagus': 0.0, 'cucumber': 0.0, 'starling': 0.25, 'mushroom': 0.0, 'buzzard': 0.25, 'peas': 0.0, 'crow': 0.25, 'resurrected_items_p': 0.25}",['chickadee'],0.25
48,2,"{'chickadee': 0.0, 'starling': 0.0, 'mushroom': 0.0, 'buzzard': 0.2, 'crow': 0.2, 'resurrected_items_p': 0.6000000000000001}","['asparagus', 'cucumber', 'peas']",0.6000000000000001
48,3,"{'asparagus': 0.1429, 'cucumber': 0.1429, 'buzzard': 0.0, 'peas': 0.1429, 'crow': 0.1429, 'resurrected_items_p': 0.42869999999999997}","['chickadee', 'starling', 'mushroom']",0.42869999999999997
48,4,"{'asparagus': 0.0, 'chickadee': 0.0, 'cucumber': 0.0, 'starling': 0.3333, 'mushroom': 0.0, 'peas': 0.0, 'crow': 0.3333, 'resurrected_items_p': 0.3333}",['buzzard'],0.3333
48,5,"{'asparagus': 0.0, 'chickadee': 0.0, 'cucumber': 0.0, 'starling': 0.0, 'mushroom': 0.0, 'buzzard': 0.0, 'peas': 0.0, 'crow': 1.0, 'resurrected_items_p': 0}",[],0
49,0,"{'blackbird': 0.1667, 'budgie': 0.1667, 'buzzard': 0.1667, 'mushroom': 0.1667, 'potato': 0.0, 'cauliflower': 0.0, 'chicken': 0.1667, 'cucumber': 0.1667, 'resurrected_items_p': 0}",[],0
49,1,"{'blackbird': 0.25, 'budgie': 0.25, 'buzzard': 0.25, 'mushroom': 0.0, 'potato': 0.0, 'cauliflower': 0.0, 'chicken': 0.25, 'cucumber': 0.0, 'resurrected_items_p': 0}",[],0
49,2,"{'blackbird': 0.25, 'budgie': 0.25, 'buzzard': 0.25, 'mushroom': 0.0, 'potato': 0.0, 'cauliflower': 0.0, 'chicken': 0.25, 'cucumber': 0.0, 'resurrected_items_p': 0}",[],0
49,3,"{'blackbird': 1.0, 'budgie': 0.0, 'buzzard': 0.0, 'mushroom': 0.0, 'potato': 0.0, 'cauliflower': 0.0, 'chicken': 0.0, 'cucumber': 0.0, 'resurrected_items_p': 0}",[],0
50,0,"{'rooster': 0.25, 'duck': 0.25, 'pickle': 0.0, 'parakeet': 0.25, 'crow': 0.25, 'cucumber': 0.0, 'onions': 0.0, 'beets': 0.0, 'resurrected_items_p': 0}",[],0
50,1,"{'rooster': 0.25, 'duck': 0.25, 'pickle': 0.0, 'parakeet': 0.25, 'crow': 0.25, 'cucumber': 0.0, 'onions': 0.0, 'beets': 0.0, 'resurrected_items_p': 0}",[],0
50,2,"{'rooster': 0.25, 'duck': 0.25, 'pickle': 0.0, 'parakeet': 0.25, 'crow': 0.25, 'cucumber': 0.0, 'onions': 0.0, 'beets': 0.0, 'resurrected_items_p': 0}",[],0
50,3,"{'rooster': 0.25, 'duck': 0.25, 'pickle': 0.0, 'parakeet': 0.25, 'crow': 0.25, 'cucumber': 0.0, 'onions': 0.0, 'beets': 0.0, 'resurrected_items_p': 0}",[],0
50,4,"{'rooster': 0.0, 'duck': 0.1923, 'parakeet': 0.1923, 'crow': 0.1923, 'beets': 0.0, 'resurrected_items_p': 0.4231}","['pickle', 'cucumber', 'onions']",0.4231
50,5,"{'duck': 0.125, 'pickle': 0.125, 'parakeet': 0.125, 'crow': 0.125, 'cucumber': 0.125, 'onions': 0.125, 'resurrected_items_p': 0.25}","['rooster', 'beets']",0.25
51,0,"{'duck': 0.0, 'mushroom': 0.2, 'peas': 0.2, 'pheasant': 0.2, 'potato': 0.2, 'emu': 0.0, 'canary': 0.0, 'onions': 0.2, 'resurrected_items_p': 0}",[],0
51,1,"{'duck': 0.0, 'mushroom': 0.0, 'peas': 0.0, 'pheasant': 0.0, 'potato': 0.8333, 'emu': 0.0, 'canary': 0.0, 'onions': 0.1667, 'resurrected_items_p': 0}",[],0
51,2,"{'duck': 0.0, 'pheasant': 0.0, 'potato': 0.3333, 'emu': 0.0, 'canary': 0.0, 'onions': 0.0, 'resurrected_items_p': 0.6666}","['mushroom', 'peas']",0.6666
51,3,"{'mushroom': 0.2, 'peas': 0.2, 'pheasant': 0.0, 'potato': 0.2, 'emu': 0.0, 'canary': 0.0, 'resurrected_items_p': 0.4}","['duck', 'onions']",0.4
51,4,"{'duck': 0.0, 'mushroom': 0.0909, 'peas': 0.0, 'pheasant': 0.0, 'potato': 0.4545, 'emu': 0.0, 'canary': 0.0, 'onions': 0.4545, 'resurrected_items_p': 0}",[],0
51,5,"{'duck': 0.0, 'mushroom': 0.2083, 'potato': 0.2083, 'emu': 0.0, 'canary': 0.0, 'onions': 0.2083, 'resurrected_items_p': 0.375}","['peas', 'pheasant']",0.375
51,6,"{'duck': 0.0, 'mushroom': 0.0, 'peas': 0.0, 'pheasant': 0.0, 'potato': 1.0, 'emu': 0.0, 'canary': 0.0, 'onions': 0.0, 'resurrected_items_p': 0}",[],0
52,0,"{'robin': 0.0, 'peas': 0.3333, 'crow': 0.0, 'peacock': 0.0, 'tomato': 0.0, 'parsley': 0.3333, 'corn': 0.3333, 'pelican': 0.0, 'resurrected_items_p': 0}",[],0
52,1,"{'robin': 0.0, 'peas': 0.3333, 'crow': 0.0, 'peacock': 0.0, 'parsley': 0.0, 'corn': 0.3333, 'pelican': 0.0, 'resurrected_items_p': 0.3333}",['tomato'],0.3333
52,2,"{'robin': 0.0, 'peas': 0.0, 'tomato': 0.25, 'parsley': 0.0, 'corn': 0.25, 'pelican': 0.0, 'resurrected_items_p': 0.5}","['crow', 'peacock']",0.5
52,3,"{'crow': 0.0, 'peacock': 0.0909, 'tomato': 0.0, 'corn': 0.2273, 'pelican': 0.0, 'resurrected_items_p': 0.6819}","['robin', 'peas', 'parsley']",0.6819
52,4,"{'robin': 0.0, 'peas': 0.3333, 'crow': 0.0, 'peacock': 0.0, 'parsley': 0.0, 'corn': 0.3333, 'pelican': 0.0, 'resurrected_items_p': 0.3333}",['tomato'],0.3333
52,5,"{'robin': 0.0, 'peas': 0.0, 'crow': 0.0, 'peacock': 0.0, 'tomato': 0.0, 'parsley': 0.0, 'corn': 1.0, 'pelican': 0.0, 'resurrected_items_p': 0}",[],0
53,0,"{'blackbird': 0.0, 'owl': 0.0, 'sparrow': 0.0, 'avocado': 0.25, 'pumpkin': 0.25, 'onions': 0.25, 'hawk': 0.0, 'potato': 0.25, 'resurrected_items_p': 0}",[],0
53,1,"{'avocado': 0.1667, 'pumpkin': 0.1667, 'onions': 0.0, 'potato': 0.0, 'resurrected_items_p': 0.6668}","['blackbird', 'owl', 'sparrow', 'hawk']",0.6668
53,2,"{'blackbird': 0.0, 'owl': 0.0, 'sparrow': 0.0, 'avocado': 0.5, 'pumpkin': 0.5, 'onions': 0.0, 'hawk': 0.0, 'potato': 0.0, 'resurrected_items_p': 0}",[],0
53,3,"{'blackbird': 0.0, 'owl': 0.0, 'sparrow': 0.0, 'avocado': 1.0, 'pumpkin': 0.0, 'onions': 0.0, 'hawk': 0.0, 'potato': 0.0, 'resurrected_items_p': 0}",[],0
53,4,"{'blackbird': 0.0, 'owl': 0.0, 'sparrow': 0.0, 'avocado': 1.0, 'pumpkin': 0.0, 'onions': 0.0, 'hawk': 0.0, 'potato': 0.0, 'resurrected_items_p': 0}",[],0
